num_atoms,num_bonds,num_rotatable_bonds,num_aromatic_rings,num_saturated_rings,rotatable_bond_fraction,has_symmetry,repeat_unit_regularity,branching_points,branching_density,num_h_donors,num_h_acceptors,h_bonding_potential,bulky_groups,molar_volume,aromatic_fraction,sp2_fraction,tpsa,logp,polymer_type,id,smiles,crystallinity_score
15,14,9,0,0,0.6428571428571429,0.0,0.4,2,0.13333333333333333,2,2,4,7,60.197100000000034,0.0,0.18181818181818182,72.19,1.3384999999999998,crystalline,6645418,*CCCCCNC(=O)CCCCC(=O)N*,0.19571428571428573
32,31,24,0,0,0.7741935483870968,0.0,0.5945945945945946,2,0.0625,4,2,6,20,137.00150000000008,0.0,0.07692307692307693,96.25,6.775800000000006,crystalline,7687820,*CCCCCCCCCCCCCCCCCCNC(=O)NCCCCCCNC(=O)N*,0.2870401046207499
14,13,11,0,0,0.8461538461538461,0.0,0.6153846153846154,0,0.0,1,4,5,6,79.73600000000005,0.0,0.0,0.0,5.306300000000005,semi_crystalline,13838538,*CCCCCCSSCCCCSS*,0.40192307692307694
10,9,7,0,0,0.7777777777777778,0.0,0.8,0,0.0,0,0,0,7,48.190000000000026,0.0,0.2,0.0,3.9230000000000027,amorphous,16498242,*C=CCCCCCCCC*,0.4022222222222223
36,37,16,2,0,0.43243243243243246,0.0,0.2127659574468085,8,0.2222222222222222,3,5,8,10,137.4022,0.3333333333333333,0.5714285714285714,121.8,4.842100000000004,amorphous,30582999,*CCCCCCCCCCOC(=O)c1ccc(C(=O)NCCNC(=O)c2ccc(C(=O)O*)cc2)cc1,0.25136668583477095
38,39,18,2,0,0.46153846153846156,0.0,0.24489795918367346,8,0.21052631578947367,3,5,8,12,146.63619999999986,0.3157894736842105,0.5333333333333333,121.8,5.6223000000000045,crystalline,50438012,*CCCCCCCCCOC(=O)c1ccc(C(=O)NCCCCCNC(=O)c2ccc(C(=O)O*)cc2)cc1,0.24991489713294218
18,17,11,0,0,0.6470588235294118,0.0,0.3076923076923077,2,0.1111111111111111,2,2,4,8,73.95410000000004,0.0,0.2857142857142857,72.19,2.2848,crystalline,57727191,*CCCCCCNC(=O)CC/C=C/CCC(=O)N*,0.18606334841628958
27,26,20,0,0,0.7692307692307693,0.0,0.5625,2,0.07407407407407407,3,3,6,16,112.65120000000009,0.0,0.09090909090909091,78.43,4.472600000000004,crystalline,68792546,*CCCCCCCCCCC(=O)NCCCCCCNC(=O)CCCCO*,0.261178774928775
24,25,9,2,0,0.36,0.0,0.23076923076923078,5,0.20833333333333334,1,2,3,7,102.34780000000005,0.5,0.6363636363636364,29.46,6.301900000000007,amorphous,75443529,*CCCCCCCOc1ccc(C=C(C)c2ccc(O*)cc2)cc1,0.25207692307692314
19,19,3,1,0,0.15789473684210525,0.0,0.1,7,0.3684210526315789,1,3,4,1,73.03180000000005,0.3157894736842105,0.6153846153846154,70.08,2.7019200000000003,amorphous,79415769,*CCOC(=O)N(C)c1ccc(C)c(N(C)C(=O)O*)c1,0.3257894736842105
34,33,28,0,0,0.8484848484848485,0.0,0.6923076923076923,2,0.058823529411764705,2,2,4,26,147.9200999999999,0.0,0.06666666666666667,72.19,8.750400000000008,crystalline,81137216,*CCCCCCCCNC(=O)CCCCCCCCCCCCCCCCCCCCC(=O)N*,0.28673522555875497
9,10,0,1,0,0.0,0.0,0.3333333333333333,2,0.2222222222222222,0,0,0,2,38.46700000000001,0.6666666666666666,0.6666666666666666,0.0,2.1753,crystalline,82633177,*C1Cc2ccccc2C1*,0.36
33,32,27,0,0,0.84375,0.0,0.6842105263157895,2,0.06060606060606061,1,3,4,25,139.6938,0.0,0.06896551724137931,63.60000000000001,9.386600000000001,crystalline,82977315,*CCCCCCCCCCCCCCCCCCCCOC(=O)CCCCCCCC(=O)O*,0.2828339314194578
24,23,20,0,0,0.8695652173913043,0.0,0.8076923076923077,1,0.041666666666666664,1,1,2,20,107.20840000000008,0.0,0.045454545454545456,43.09,7.293600000000008,crystalline,92814383,*CCCCCCCCCCCCCCCCCCCCCC(=O)N*,0.32047937569676704
30,29,22,0,0,0.7586206896551724,0.0,0.5714285714285714,2,0.06666666666666667,3,3,6,18,124.15820000000011,0.0,0.08333333333333333,87.66000000000001,7.021900000000007,crystalline,97597340,*CCCCCCCCCCCCCCCCOC(=O)NCCCCCCNC(=O)O*,0.2779474548440067
30,29,24,0,0,0.8275862068965517,0.0,0.6571428571428571,2,0.06666666666666667,1,3,4,22,125.84280000000012,0.0,0.07692307692307693,63.60000000000001,8.21630000000001,crystalline,116488904,*CCCCCCCCCCCCOC(=O)CCCCCCCCCCCCC(=O)O*,0.2696223316912973
23,22,12,0,0,0.5454545454545454,0.0,0.2647058823529412,4,0.17391304347826086,4,4,8,7,86.21650000000004,0.0,0.26666666666666666,130.39000000000001,-0.4290999999999969,amorphous,119301714,*CCNC(=O)CCCCCCCC(=O)NCCNC(=O)C(=O)N*,0.2119251336898396
10,11,0,0,0,0.0,0.0,0.42857142857142855,2,0.2,0,0,0,0,43.06400000000002,1.0,1.0,0.0,2.791400000000001,crystalline,141135744,*c1cc2cccccc-2c1*,0.4428571428571428
16,15,10,0,0,0.6666666666666666,0.0,0.23809523809523808,2,0.125,1,5,6,2,55.140800000000034,0.0,0.2,82.06,0.4474999999999995,amorphous,150383443,*CCOCCOCCOC(=O)CCC(=O)O*,0.24714285714285722
22,23,6,2,0,0.2608695652173913,0.0,0.14814814814814814,6,0.2727272727272727,1,3,4,2,83.20780000000005,0.5454545454545454,0.7777777777777778,63.60000000000001,3.346700000000002,amorphous,155951033,*CCOC(=O)c1ccc(CCc2ccc(C(=O)O*)cc2)cc1,0.3232733128385303
17,16,5,0,0,0.3125,0.0,0.125,4,0.23529411764705882,1,4,5,20,65.86660000000005,0.0,0.09090909090909091,80.67,2.1681,crystalline,166073456,*CC(C)(C)CS(=O)(=O)CC(C)(C)COC(=O)O*,0.20624999999999996
27,26,20,0,0,0.7692307692307693,0.0,0.5294117647058824,3,0.1111111111111111,2,2,4,21,115.5311000000001,0.0,0.08695652173913043,72.19,5.875600000000006,crystalline,166405771,*CCCCCCNC(=O)C(CCCCCCCCCCCCCC)C(=O)N*,0.19601809954751132
30,29,24,0,0,0.8275862068965517,0.0,0.6571428571428571,2,0.06666666666666667,1,3,4,22,125.84280000000012,0.0,0.07692307692307693,63.60000000000001,8.216300000000007,crystalline,166991206,*CCCCCCCCCCCCCCCCCCCCOC(=O)CCCCC(=O)O*,0.2696223316912973
29,28,26,0,0,0.9285714285714286,0.0,0.8214285714285714,0,0.0,1,3,4,20,126.73780000000012,0.0,0.0,38.69,7.833800000000009,crystalline,169412293,*CCCCCCCCCCOCCCCCCCCCCOCCCCCCO*,0.40928571428571436
18,17,12,0,0,0.7058823529411765,0.0,0.4782608695652174,2,0.1111111111111111,1,3,4,10,70.43880000000006,0.0,0.14285714285714285,63.60000000000001,3.5351000000000017,semi_crystalline,175513548,*CCCCCCCCCCOC(=O)CCC(=O)O*,0.19723785166240398
7,7,0,0,1,0.0,0.0,0.18181818181818182,2,0.2857142857142857,0,3,3,2,20.33299999999999,0.0,0.5,43.370000000000005,-0.15000000000000002,crystalline,176911109,*C1C(=O)OC(=O)C1*,0.2931818181818182
20,19,14,0,0,0.7368421052631579,0.0,0.52,2,0.1,1,3,4,12,92.53600000000006,0.0,0.125,34.14,5.403700000000006,amorphous,180651708,*CCCCCCSC(=O)CCCCCCCCC(=O)S*,0.19831578947368422
17,18,2,1,1,0.1111111111111111,0.0,0.12903225806451613,6,0.35294117647058826,0,4,4,3,59.508500000000026,0.35294117647058826,0.75,63.68,1.1266,crystalline,184854748,*C1C(=O)N(c2ccccc2C(=O)OC)C(=O)C1*,0.29708623234239934
23,23,12,1,0,0.5217391304347826,0.0,0.34782608695652173,4,0.17391304347826086,2,2,4,7,98.31010000000005,0.2608695652173913,0.4444444444444444,72.19,2.7558000000000007,amorphous,196264517,*CCCCCCNC(=O)CCP(CCC(=O)N*)c1ccccc1,0.228695652173913
26,25,19,0,0,0.76,0.0,0.5151515151515151,3,0.11538461538461539,2,2,4,20,110.91410000000008,0.0,0.09090909090909091,72.19,5.485500000000005,crystalline,201596108,*CCCCCCNC(=O)C(CCCCCCCCCCCCC)C(=O)N*,0.19551515151515148
28,27,25,0,0,0.9259259259259259,0.0,0.8148148148148148,0,0.0,1,3,4,19,122.12080000000012,0.0,0.0,38.69,7.4437000000000095,crystalline,203328995,*CCCCCCCCCCOCCCCCCCCCCOCCCCCO*,0.4088888888888889
37,37,25,1,0,0.6756756756756757,0.0,0.5,4,0.10810810810810811,3,3,6,19,162.50239999999968,0.16216216216216217,0.25,58.2,7.97550000000001,crystalline,214279994,*CCCCCCCCCCC(=O)NCCc1ccc(CCNC(=O)CCCCCCCCCCS*)cc1,0.22864864864864873
22,21,15,0,0,0.7142857142857143,0.0,0.4,2,0.09090909090909091,2,2,4,12,92.42210000000006,0.0,0.2222222222222222,72.19,3.845200000000002,crystalline,215128069,*CCCCCCCCCCNC(=O)CC/C=C/CCC(=O)N*,0.20675324675324674
22,21,16,0,0,0.7619047619047619,0.0,0.5555555555555556,2,0.09090909090909091,1,3,4,14,88.90680000000008,0.0,0.1111111111111111,63.60000000000001,5.095500000000005,semi_crystalline,218350404,*CCCCCCCCCOC(=O)CCCCCCCC(=O)O*,0.21754689754689754
29,28,22,0,0,0.7857142857142857,0.0,0.5294117647058824,2,0.06896551724137931,3,4,7,15,118.8532000000001,0.0,0.08695652173913043,87.66000000000001,4.0991000000000035,crystalline,230305493,*CCCCCCCCC(=O)NCCCCCOCCCCCNC(=O)CCCO*,0.2714387134164011
30,29,24,0,0,0.8275862068965517,0.0,0.6571428571428571,2,0.06666666666666667,2,2,4,22,129.45210000000012,0.0,0.07692307692307693,72.19,7.1900000000000075,crystalline,234377391,*CCCCCCCCCCNC(=O)CCCCCCCCCCCCCCC(=O)N*,0.2696223316912973
19,18,13,0,0,0.7222222222222222,0.0,0.5,2,0.10526315789473684,1,3,4,11,75.05580000000006,0.0,0.13333333333333333,63.60000000000001,3.925200000000002,crystalline,241814157,*CCCCCCCCCCOC(=O)CCCC(=O)O*,0.19777777777777777
11,10,8,0,0,0.8,0.0,0.6,0,0.0,1,3,4,4,56.14380000000004,0.0,0.0,20.23,2.9404000000000017,crystalline,254267891,*CCCCSSCCCCO*,0.42
20,19,17,0,0,0.8947368421052632,0.0,0.7368421052631579,0,0.0,1,3,4,11,85.18480000000007,0.0,0.0,38.69,4.322900000000005,amorphous,265038627,*CCCCCCOCCCCCCOCCCCCO*,0.4042105263157895
4,3,1,0,0,0.3333333333333333,0.0,0.6666666666666666,0,0.0,1,1,2,1,19.345400000000005,0.0,0.0,26.02,0.3551000000000001,crystalline,265939765,*CCCN*,0.5233333333333333
23,22,9,0,0,0.4090909090909091,0.0,0.18604651162790697,6,0.2608695652173913,1,3,4,7,57.90780000000002,0.0,0.18181818181818182,63.60000000000001,3.345600000000001,amorphous,267049794,*CC(F)(F)C(F)(F)C(F)(F)C(F)(F)COC(=O)CCCC(=O)O*,0.19769556025369972
22,21,16,0,0,0.7619047619047619,0.0,0.5555555555555556,2,0.09090909090909091,2,2,4,14,92.51610000000007,0.0,0.1111111111111111,72.19,4.069200000000003,crystalline,279990409,*CCNC(=O)CCCCCCCCCCCCCCC(=O)N*,0.21754689754689754
20,19,12,0,0,0.631578947368421,0.0,0.24,2,0.1,3,5,8,2,84.93620000000004,0.0,0.16666666666666666,87.66000000000001,2.2466999999999997,amorphous,284595179,*CCOC(=O)NCCSCCCCSCCNC(=O)O*,0.260842105263158
6,6,1,0,1,0.16666666666666666,0.0,0.4,2,0.3333333333333333,1,1,2,7,24.356799999999993,0.0,0.0,20.23,0.6347,amorphous,286520814,*CC1CC1CO*,0.23333333333333334
26,25,19,0,0,0.76,0.0,0.5151515151515151,3,0.11538461538461539,2,2,4,20,110.91410000000008,0.0,0.09090909090909091,72.19,5.485500000000005,crystalline,286918876,*CCCCCCCNC(=O)C(CCCCCCCCCCCC)C(=O)N*,0.19551515151515148
37,36,29,0,0,0.8055555555555556,0.0,0.5416666666666666,3,0.08108108108108109,1,5,6,24,153.7305999999998,0.0,0.06666666666666667,97.74000000000001,8.411300000000008,crystalline,289857593,*CCCCCCCCCCCCCCCCCCCCOC(=O)CCCCS(=O)(=O)CCCCC(=O)O*,0.24144894894894903
15,14,12,0,0,0.8571428571428571,0.0,0.9285714285714286,0,0.0,1,1,2,12,74.93100000000005,0.0,0.0,0.0,5.617300000000006,crystalline,289881295,*CCCCCCCCCCCCCCS*,0.41714285714285715
22,21,16,0,0,0.7619047619047619,0.0,0.5555555555555556,2,0.09090909090909091,1,3,4,14,88.90680000000008,0.0,0.1111111111111111,63.60000000000001,5.095500000000004,crystalline,296205481,*CCCCCCCCCCOC(=O)CCCCCCC(=O)O*,0.21754689754689754
24,24,10,1,0,0.4166666666666667,0.0,0.125,5,0.20833333333333334,3,5,8,2,89.72620000000005,0.25,0.5,106.12000000000002,3.07662,amorphous,296780712,*CCCOCCOCCOC(=O)Nc1ccc(C)c(NC(=O)O*)c1,0.29583333333333334
23,22,17,0,0,0.7727272727272727,0.0,0.5714285714285714,2,0.08695652173913043,2,2,4,15,97.13310000000007,0.0,0.10526315789473684,72.19,4.459300000000003,crystalline,299152684,*CCCCCCCCCNC(=O)CCCCCCCCC(=O)N*,0.22595708639186907
11,10,8,0,0,0.8,0.0,0.9,0,0.0,1,1,2,8,49.69580000000003,0.0,0.0,20.23,3.119400000000002,crystalline,301268217,*CCCCCCCCCCO*,0.42
18,17,15,0,0,0.8823529411764706,0.0,0.8235294117647058,0,0.0,1,2,3,12,92.25600000000007,0.0,0.0,0.0,6.350500000000007,crystalline,308504449,*CCCCCCCCCCSCCCCCCS*,0.4091176470588236
27,27,14,0,1,0.5185185185185185,0.0,0.28125,4,0.14814814814814814,3,5,8,16,115.00120000000008,0.0,0.10526315789473684,87.66000000000001,4.443200000000003,amorphous,308745808,*CC1CCC(COC(=O)NCCSCCCCCSCCNC(=O)O*)CC1,0.2162731481481481
34,33,27,0,0,0.8181818181818182,0.0,0.5897435897435898,2,0.058823529411764705,3,4,7,20,141.9382,0.0,0.07142857142857142,87.66,6.049600000000008,crystalline,321519190,*CCCCCNC(=O)CCCCCCCCOCCCCCCCCC(=O)NCCCCCO*,0.29450911833264776
16,15,9,0,0,0.6,0.0,0.25,2,0.125,2,2,4,6,64.72010000000003,0.0,0.3333333333333333,72.19,1.5046,crystalline,328753275,*CCCCNC(=O)CC/C=C/CCC(=O)N*,0.18500000000000003
12,11,3,0,0,0.2727272727272727,0.0,0.17647058823529413,2,0.16666666666666666,1,5,6,2,49.46280000000002,0.0,0.3333333333333333,63.60000000000001,2.982500000000001,amorphous,330131913,*CCCCOC(=O)SSC(=O)O*,0.2803743315508022
19,18,13,0,0,0.7222222222222222,0.0,0.5,2,0.10526315789473684,2,2,4,11,78.66510000000005,0.0,0.13333333333333333,72.19,2.8989000000000003,crystalline,333349586,*CCCCNC(=O)CCCCCCCCCC(=O)N*,0.19777777777777777
9,8,4,0,0,0.5,0.0,0.3076923076923077,2,0.2222222222222222,1,1,2,7,36.32479999999999,0.0,0.14285714285714285,37.3,1.8973,crystalline,343123949,*CCC(C)CCC(=O)O*,0.19076923076923075
36,35,28,0,0,0.8,0.0,0.6341463414634146,2,0.05555555555555555,4,2,6,24,155.4694999999999,0.0,0.06666666666666667,96.25,8.336200000000009,crystalline,348809308,*CCCCCCCCCCCCCCCCCCNC(=O)NCCCCCCCCCCNC(=O)N*,0.3023035230352304
18,17,12,0,0,0.7058823529411765,0.0,0.4782608695652174,2,0.1111111111111111,2,2,4,10,74.04810000000005,0.0,0.14285714285714285,72.19,2.5088,crystalline,357513605,*CCCCCNC(=O)CCCCCCCC(=O)N*,0.19723785166240398
26,25,20,0,0,0.8,0.0,0.6129032258064516,2,0.07692307692307693,1,3,4,18,107.37480000000009,0.0,0.09090909090909091,63.60000000000001,6.655900000000006,crystalline,374709833,*CCCCCCCCCCCCCCOC(=O)CCCCCCC(=O)O*,0.24744416873449132
26,25,18,0,0,0.72,0.0,0.5161290322580645,2,0.07692307692307693,4,2,6,14,109.29950000000008,0.0,0.1,96.25,4.435200000000003,crystalline,375374780,*CCCCCCCCCCNC(=O)NCCCCCCCCNC(=O)N*,0.25576674937965266
22,21,16,0,0,0.7619047619047619,0.0,0.5555555555555556,2,0.09090909090909091,2,2,4,14,92.51610000000007,0.0,0.1111111111111111,72.19,4.069200000000003,crystalline,376977834,*CCCCCCCNC(=O)CCCCCCCCCC(=O)N*,0.21754689754689754
24,25,4,2,0,0.16,0.0,0.13333333333333333,10,0.4166666666666667,1,3,4,2,105.51100000000004,0.5,0.7,34.14,5.372300000000005,amorphous,379965710,*Cc1c(C)c(C)c(CSC(=O)c2ccc(C(=O)S*)cc2)c(C)c1C,0.32733333333333337
25,24,19,0,0,0.7916666666666666,0.0,0.5333333333333333,2,0.08,1,4,5,14,106.23180000000009,0.0,0.1,63.60000000000001,5.828700000000006,semi_crystalline,380596855,*CCCCCCCCCCOC(=O)CCCCSCCCCC(=O)O*,0.2391666666666667
30,29,24,0,0,0.8275862068965517,0.0,0.6571428571428571,2,0.06666666666666667,2,2,4,22,129.45210000000012,0.0,0.07692307692307693,72.19,7.190000000000007,crystalline,382786072,*CCCCCCCCCCCCNC(=O)CCCCCCCCCCCCC(=O)N*,0.2696223316912973
50,53,23,4,0,0.4339622641509434,0.0,0.2545454545454545,10,0.2,1,8,9,16,194.91279999999938,0.48,0.6190476190476191,100.52000000000001,10.368299999999993,crystalline,382983445,*CCCCCCCCCCOc1ccc(OC(=O)c2ccc(OCCCCCCOc3ccc(C(=O)Oc4ccc(O*)cc4)cc3)cc2)cc1,0.2750583190394511
23,22,17,0,0,0.7727272727272727,0.0,0.5714285714285714,2,0.08695652173913043,2,2,4,15,97.13310000000007,0.0,0.10526315789473684,72.19,4.459300000000003,crystalline,383068073,*CCCCCNC(=O)CCCCCCCCCCCCC(=O)N*,0.22595708639186907
34,33,26,0,0,0.7878787878787878,0.0,0.6153846153846154,2,0.058823529411764705,3,3,6,22,142.62619999999998,0.0,0.07142857142857142,87.66000000000001,8.582300000000009,crystalline,384321860,*CCCCCCCCCCCCCCCCOC(=O)NCCCCCCCCCCNC(=O)O*,0.29510352392705336
28,27,21,0,0,0.7777777777777778,0.0,0.5428571428571428,3,0.10714285714285714,2,2,4,22,120.1481000000001,0.0,0.08333333333333333,72.19,6.265700000000006,crystalline,387542061,*CCCCCCNC(=O)C(CCCCCCCCCCCCCCC)C(=O)N*,0.19650793650793646
13,12,10,0,0,0.8333333333333334,0.0,0.5,0,0.0,1,4,5,4,62.09580000000005,0.0,0.0,29.46,2.9145000000000016,crystalline,391808404,*CCCCSSCCCCOCO*,0.41166666666666674
26,28,8,3,0,0.2857142857142857,0.0,0.11428571428571428,8,0.3076923076923077,1,7,8,2,91.09680000000002,0.5769230769230769,0.7777777777777778,95.83,2.7525000000000004,amorphous,392174026,*CCOCCOC(=O)c1ccc(-n2on2-c2ccc(C(=O)O*)cc2)cc1,0.3405494505494506
25,24,18,0,0,0.75,0.0,0.5333333333333333,2,0.08,3,3,6,14,103.41720000000007,0.0,0.1,78.43,3.6924000000000023,crystalline,401075968,*CCCCCCCCC(=O)NCCCCCCNC(=O)CCCCO*,0.24833333333333335
29,28,23,0,0,0.8214285714285714,0.0,0.6470588235294118,2,0.06896551724137931,2,2,4,21,124.8351000000001,0.0,0.08,72.19,6.799900000000007,crystalline,401918606,*CCCCCNC(=O)CCCCCCCCCCCCCCCCCCC(=O)N*,0.2646319907273254
35,36,18,2,0,0.5,0.0,0.3,6,0.17142857142857143,3,4,7,11,140.6981999999999,0.34285714285714286,0.4827586206896552,87.66,5.319400000000006,amorphous,402492102,*CCCCCOc1ccc(CCCNC(=O)CCCCC(=O)NCCCc2ccc(O*)cc2)cc1,0.24928571428571428
15,14,9,0,0,0.6428571428571429,0.0,0.4,2,0.13333333333333333,2,2,4,8,60.197100000000034,0.0,0.18181818181818182,72.19,1.3384999999999998,amorphous,434463983,*CNC(=O)CCCCCCCCC(=O)N*,0.19571428571428573
27,27,15,1,0,0.5555555555555556,0.0,0.34375,4,0.14814814814814814,3,3,6,9,116.33240000000005,0.2222222222222222,0.36363636363636365,58.2,4.074500000000003,amorphous,440284269,*CCCCCC(=O)NCCc1ccc(CCNC(=O)CCCCCS*)cc1,0.23104166666666673
36,35,25,0,0,0.7142857142857143,0.0,0.627906976744186,2,0.05555555555555555,1,3,4,24,150.62879999999984,0.0,0.0625,63.60000000000001,9.003300000000005,crystalline,441924430,*CCCCCCCCCC#CC#CCCCCCCCCCOC(=O)CCCCCCCCC(=O)O*,0.300251015134736
26,25,18,0,0,0.72,0.0,0.5161290322580645,2,0.07692307692307693,4,2,6,14,109.29950000000008,0.0,0.1,96.25,4.435200000000002,crystalline,447769500,*CCCCCCCCCCCCNC(=O)NCCCCCCNC(=O)N*,0.25576674937965266
15,14,11,0,0,0.7857142857142857,0.0,0.7058823529411765,1,0.06666666666666667,1,1,2,11,65.65540000000006,0.0,0.07692307692307693,43.09,3.782700000000002,crystalline,448340777,*CCCCCCCCCCCCC(=O)N*,0.2686834733893558
46,49,15,4,0,0.30612244897959184,0.0,0.1746031746031746,11,0.2391304347826087,4,7,11,6,179.3458999999996,0.5217391304347826,0.7714285714285715,144.72,8.072000000000006,amorphous,457518738,*CCN(CCCC(=O)Nc1ccc(N=Nc2ccccc2)cc1)CCOC(=O)Nc1ccc(Cc2ccc(NC(=O)O*)cc2)cc1,0.28902198560583664
7,7,1,0,1,0.14285714285714285,0.0,0.625,1,0.14285714285714285,0,0,0,9,32.24899999999998,0.0,0.0,0.0,2.5866000000000007,crystalline,465735962,*CCC1CCCC1*,0.24821428571428567
40,41,21,2,0,0.5121951219512195,0.0,0.32608695652173914,6,0.15,1,8,9,14,154.71579999999972,0.3,0.4375,100.52000000000001,8.445500000000006,crystalline,469117883,*CCCCCCOC(=O)OCCCCCCOC(=O)OCCCCCCOc1ccc(-c2ccc(O*)cc2)cc1,0.25638918345705203
20,20,7,0,1,0.35,0.0,0.2222222222222222,6,0.3,1,5,6,17,68.96480000000004,0.0,0.2857142857142857,97.74000000000001,1.3589,amorphous,476733840,*CCCCCCOC(=O)C1CC(=O)C(C(=O)O*)CC1=O,0.21722222222222223
22,24,3,2,1,0.125,0.0,0.175,8,0.36363636363636365,0,2,2,8,86.90900000000005,0.5454545454545454,0.7777777777777778,37.38,4.023200000000004,amorphous,484741548,*CC(c1ccccc1)C1C(=O)N(c2ccc(Cl)cc2)C(=O)C1*,0.2695454545454545
32,31,26,0,0,0.8387096774193549,0.0,0.6756756756756757,2,0.0625,2,2,4,24,138.6861,0.0,0.07142857142857142,72.19,7.970200000000008,crystalline,491291994,*CCCCCCCCCCCCNC(=O)CCCCCCCCCCCCCCC(=O)N*,0.2786965998256321
17,16,11,0,0,0.6875,0.0,0.45454545454545453,2,0.11764705882352941,2,2,4,9,69.43110000000004,0.0,0.15384615384615385,72.19,2.1187,crystalline,494602606,*CCCCCCCNC(=O)CCCCC(=O)N*,0.19670454545454538
19,20,3,1,1,0.15,0.0,0.11428571428571428,7,0.3684210526315789,0,4,4,7,68.27000000000002,0.3157894736842105,0.6428571428571429,63.68000000000001,1.5177,amorphous,505042674,*CC(OC(C)=O)C1C(=O)N(c2ccccc2)C(=O)C1*,0.24800751879699245
19,20,3,1,1,0.15,0.0,0.08333333333333333,6,0.3157894736842105,0,3,3,7,72.71100000000004,0.3157894736842105,0.5333333333333333,46.61,2.655100000000001,amorphous,506857730,*C1C(=O)N(c2ccc(COC(C)(C)C)cc2)C(=O)C1*,0.2399122807017543
19,18,8,0,0,0.4444444444444444,0.0,0.21428571428571427,3,0.15789473684210525,3,3,6,14,73.30120000000005,0.0,0.15384615384615385,87.66000000000001,2.5867,amorphous,510815019,*CC(C)(C)COC(=O)NCCCCCCNC(=O)O*,0.206984126984127
29,28,22,0,0,0.7857142857142857,0.0,0.5555555555555556,3,0.10344827586206896,2,2,4,23,124.7651000000001,0.0,0.08,72.19,6.655800000000006,semi_crystalline,528293396,*CCCCCCCCCCNC(=O)C(CCCCCCCCCCCC)C(=O)N*,0.19698412698412698
30,30,15,1,0,0.5,0.0,0.24390243902439024,6,0.2,3,5,8,9,112.31320000000007,0.2,0.45454545454545453,121.8,2.9147000000000007,amorphous,541941802,*CCCCCC(=O)NCCNC(=O)CCCCCOC(=O)c1ccc(C(=O)O*)cc1,0.23439024390243907
17,16,11,0,0,0.6875,0.0,0.36363636363636365,2,0.11764705882352941,1,4,5,6,69.29580000000004,0.0,0.16666666666666666,63.60000000000001,2.7079000000000004,crystalline,544070601,*CCOC(=O)CCCCSCCCCC(=O)O*,0.19261363636363635
60,63,23,4,0,0.36507936507936506,0.0,0.1780821917808219,14,0.23333333333333334,5,10,15,14,233.12259999999932,0.4,0.6086956521739131,182.77999999999997,11.570139999999986,amorphous,551862261,*CCCCCCOC(=O)Nc1cc(NC(=O)OCCCCOC(=O)Nc2ccc(C)c(NC(=O)OCCCCCCOc3ccc(-c4ccc(O*)cc4)cc3)c2)ccc1C,0.2713002826701457
6,5,3,0,0,0.6,0.0,0.6,0,0.0,1,2,3,2,36.352000000000004,0.0,0.0,0.0,2.364500000000001,crystalline,562176358,*CCCCSS*,0.47500000000000003
20,19,17,0,0,0.8947368421052632,0.0,0.7368421052631579,0,0.0,1,4,5,12,107.43800000000007,0.0,0.0,0.0,7.646900000000008,crystalline,571882834,*CCCCCCCCCCSSCCCCCCSS*,0.4092105263157895
24,25,8,2,0,0.32,0.0,0.13333333333333333,6,0.25,1,3,4,6,105.37800000000001,0.5,0.7,34.14,5.438620000000005,amorphous,593164560,*Cc1ccc(-c2ccc(CSC(=O)CCCCC(=O)S*)cc2)cc1,0.2513333333333333
34,34,23,1,0,0.6764705882352942,0.0,0.5128205128205128,4,0.11764705882352941,2,2,4,21,144.56009999999992,0.17647058823529413,0.26666666666666666,72.19,7.8985200000000075,crystalline,599456393,*Cc1ccc(CNC(=O)CCCCCCCCCCCCCCCCCCCCC(=O)N*)cc1,0.22128205128205133
28,27,22,0,0,0.8148148148148148,0.0,0.6363636363636364,2,0.07142857142857142,2,2,4,20,120.21810000000009,0.0,0.08333333333333333,72.19,6.409800000000006,crystalline,606001217,*CCCCCCCCCCNC(=O)CCCCCCCCCCCCC(=O)N*,0.25929773929773925
3,2,0,0,0,0.0,0.0,0.0,0,0.0,1,1,2,0,14.728400000000002,0.0,0.0,26.02,-0.03499999999999981,crystalline,606742148,*CCN*,0.51
18,17,12,0,0,0.7058823529411765,0.0,0.4782608695652174,2,0.1111111111111111,2,2,4,10,74.04810000000005,0.0,0.14285714285714285,72.19,2.5088,crystalline,614398604,*CCCCCCNC(=O)CCCCCCC(=O)N*,0.19723785166240398
25,24,19,0,0,0.7916666666666666,0.0,0.6,2,0.08,1,3,4,17,102.75780000000009,0.0,0.09523809523809523,63.60000000000001,6.265800000000007,crystalline,622964705,*CCCOC(=O)CCCCCCCCCCCCCCCCC(=O)O*,0.2408333333333334
43,45,20,3,0,0.4444444444444444,0.0,0.1388888888888889,10,0.23255813953488372,1,7,8,16,164.1131999999996,0.4186046511627907,0.5882352941176471,125.2,7.9944000000000095,amorphous,623331916,*CCCCCCOC(=O)C(CCCCCCOc1ccc(-c2ccc(OCc3ccc([N+](=O)[O-])cc3)cc2)cc1)C(=O)O*,0.25130490956072343
13,12,10,0,0,0.8333333333333334,0.0,0.75,0,0.0,1,2,3,8,55.647800000000046,0.0,0.0,29.46,3.093500000000002,crystalline,627600990,*CCCCCCCCCCOCO*,0.4066666666666666
23,22,17,0,0,0.7727272727272727,0.0,0.5714285714285714,2,0.08695652173913043,1,3,4,15,93.52380000000008,0.0,0.10526315789473684,63.60000000000001,5.485600000000005,crystalline,638503428,*CCCCCCCCCCOC(=O)CCCCCCCC(=O)O*,0.22595708639186907
37,38,17,2,0,0.4473684210526316,0.0,0.22916666666666666,8,0.21621621621621623,3,5,8,11,142.01919999999993,0.32432432432432434,0.5517241379310345,121.8,5.232200000000004,amorphous,645691711,*CCCCCCCCCCOC(=O)c1ccc(C(=O)NCCCNC(=O)c2ccc(C(=O)O*)cc2)cc1,0.25061225699383594
36,35,26,0,0,0.7428571428571429,0.0,0.46808510638297873,4,0.1111111111111111,3,5,8,20,142.62819999999996,0.0,0.14285714285714285,121.8,5.668500000000004,crystalline,667840086,*CCCCCCCCCCOC(=O)CCCCCNC(=O)CCCCC(=O)NCCCCCC(=O)O*,0.21252279635258353
22,21,16,0,0,0.7619047619047619,0.0,0.5555555555555556,2,0.09090909090909091,2,2,4,14,92.51610000000007,0.0,0.1111111111111111,72.19,4.069200000000003,crystalline,676068988,*CCCCCCCCNC(=O)CCCCCCCCC(=O)N*,0.21754689754689754
34,35,14,2,0,0.4,0.0,0.28,7,0.20588235294117646,3,6,9,6,133.53019999999998,0.35294117647058826,0.56,115.62,5.790920000000004,amorphous,681607778,*CCN(CCOC(=O)NCCCCCCNC(=O)O*)c1ccc(N=Nc2ccc(C)cc2)cc1,0.2682941176470588
11,12,1,0,3,0.08333333333333333,0.0,0.25,3,0.2727272727272727,1,1,2,26,45.25780000000002,0.0,0.0,20.23,2.1951,amorphous,682136136,*CC1(CO*)CC2CCC1CC2,0.22666666666666668
21,20,15,0,0,0.75,0.0,0.38461538461538464,2,0.09523809523809523,1,5,6,7,78.22580000000006,0.0,0.13333333333333333,82.06,2.3979999999999997,crystalline,705117177,*CCOCCOCCOC(=O)CCCCCCCC(=O)O*,0.202985347985348
36,35,25,0,0,0.7142857142857143,0.0,0.46808510638297873,4,0.1111111111111111,4,4,8,20,146.23749999999995,0.0,0.14285714285714285,130.39000000000001,4.642200000000003,crystalline,712239619,*CCCCCCCCNC(=O)CCCCCCCCC(=O)NCCCCCCCCNC(=O)C(=O)N*,0.21537993920972637
24,23,17,0,0,0.7391304347826086,0.0,0.4375,2,0.08333333333333333,1,3,4,14,98.04680000000008,0.0,0.2,63.60000000000001,5.651700000000005,crystalline,718095822,*CCCCCCCCCCCCOC(=O)CC/C=C/CCC(=O)O*,0.22317028985507248
16,16,3,1,0,0.1875,0.0,0.1111111111111111,4,0.25,3,3,6,1,58.734200000000016,0.375,0.8,87.66000000000001,2.3449,amorphous,746817611,*CCOC(=O)Nc1ccc(NC(=O)O*)cc1,0.33986111111111106
40,44,7,5,0,0.1590909090909091,0.0,0.13432835820895522,12,0.3,5,5,10,4,154.28089999999978,0.725,1.0,154.08,6.939900000000005,crystalline,749826349,*c1ccc(NC(=O)Nc2ccc(NC(=O)Nc3ccc(-c4nc(-c5ccc([N+](=O)[O-])cc5)[nH]c4*)cc3)cc2)cc1,0.3400237449118046
23,24,9,1,1,0.375,0.0,0.2222222222222222,6,0.2608695652173913,0,2,2,13,93.06000000000006,0.2608695652173913,0.4,37.38,4.525700000000004,amorphous,754272312,*CC(c1ccccc1)C1C(=O)N(CCCCCCCC)C(=O)C1*,0.2208091787439613
35,34,29,0,0,0.8529411764705882,0.0,0.7,2,0.05714285714285714,2,2,4,27,152.53709999999984,0.0,0.06451612903225806,72.19,9.140500000000005,crystalline,765521185,*CCCCCCCCCCCNC(=O)CCCCCCCCCCCCCCCCCCC(=O)N*,0.2904201680672268
15,14,7,0,0,0.5,0.0,0.16,3,0.2,2,3,5,2,60.37660000000003,0.0,0.2222222222222222,89.26,0.3808999999999999,amorphous,765731942,*CCNC(=O)CCP(C)(=O)CCC(=O)N*,0.25100000000000006
30,29,23,0,0,0.7931034482758621,0.0,0.5428571428571428,2,0.06666666666666667,3,4,7,16,123.4702000000001,0.0,0.08333333333333333,87.66,4.489200000000005,crystalline,770474874,*CCCCCNC(=O)CCCCCCOCCCCCCC(=O)NCCCCCO*,0.2766420361247948
31,31,20,1,0,0.6451612903225806,0.0,0.4722222222222222,4,0.12903225806451613,2,2,4,16,130.98310000000006,0.1935483870967742,0.2962962962962963,72.19,6.244500000000007,crystalline,779535649,*CCc1ccc(CCNC(=O)CCCCCCCCCCCCCCCC(=O)N*)cc1,0.22206093189964166
21,20,15,0,0,0.75,0.0,0.5769230769230769,2,0.09523809523809523,2,2,4,13,87.89910000000006,0.0,0.11764705882352941,72.19,3.679100000000002,crystalline,781605401,*CCCCCCCCCCC(=O)NCCCCCC(=O)N*,0.21221611721611727
27,26,21,0,0,0.8076923076923077,0.0,0.625,2,0.07407407407407407,1,3,4,19,111.9918000000001,0.0,0.08695652173913043,63.60000000000001,7.0460000000000065,crystalline,782678603,*CCCCCCCCCCCCCCCCCCCCOC(=O)CC(=O)O*,0.25358262108262114
29,28,22,0,0,0.7857142857142857,0.0,0.5882352941176471,2,0.06896551724137931,3,3,6,18,121.8852000000001,0.0,0.08333333333333333,78.43,5.252800000000006,crystalline,802360891,*CCCCCCCCC(=O)NCCCCCCNC(=O)CCCCCCCCO*,0.2723210663575775
27,26,21,0,0,0.8076923076923077,0.0,0.625,2,0.07407407407407407,2,2,4,19,115.60110000000009,0.0,0.08695652173913043,72.19,6.019700000000006,crystalline,816767607,*CCCCCNC(=O)CCCCCCCCCCCCCCCCC(=O)N*,0.25358262108262114
30,29,23,0,0,0.7931034482758621,0.0,0.5428571428571428,2,0.06666666666666667,3,4,7,16,123.4702000000001,0.0,0.08333333333333333,87.66000000000001,4.489200000000005,crystalline,816771422,*CCCCCCCCC(=O)NCCCCCOCCCCCNC(=O)CCCCO*,0.2766420361247948
38,39,18,2,0,0.46153846153846156,0.0,0.24489795918367346,8,0.21052631578947367,3,5,8,12,146.63619999999986,0.3157894736842105,0.5333333333333333,121.8,5.622300000000005,crystalline,822137197,*CCCCCCCCOC(=O)c1ccc(C(=O)NCCCCCCNC(=O)c2ccc(C(=O)O*)cc2)cc1,0.24991489713294218
32,32,21,1,0,0.65625,0.0,0.5135135135135135,4,0.125,1,3,4,19,132.46380000000008,0.1875,0.2857142857142857,63.60000000000001,8.583300000000007,amorphous,832174357,*CCCCCCCCCCCCCCCCCCCCOC(=O)c1ccc(C(=O)O*)cc1,0.2244763513513514
31,30,24,0,0,0.8,0.0,0.5555555555555556,2,0.06451612903225806,3,4,7,17,128.0872000000001,0.0,0.08,87.66000000000001,4.879300000000005,crystalline,839752989,*CCCCCCCCCCC(=O)NCCCCCOCCCCCNC(=O)CCCO*,0.2815232974910395
24,24,13,0,1,0.5416666666666666,0.0,0.4482758620689655,4,0.16666666666666666,1,3,4,23,95.88680000000008,0.0,0.1,63.60000000000001,5.341500000000005,crystalline,842432665,*CC1CCC(COC(=O)CCCCCCCCCCC(=O)O*)CC1,0.21066091954022984
30,29,23,0,0,0.7931034482758621,0.0,0.5675675675675675,3,0.1,2,2,4,24,129.38210000000012,0.0,0.07692307692307693,72.19,7.045900000000008,crystalline,844147775,*CCCCCCNC(=O)C(CCCCCCCCCCCCCCCCC)C(=O)N*,0.1974464119291705
24,23,17,0,0,0.7391304347826086,0.0,0.4375,2,0.08333333333333333,1,3,4,14,98.04680000000008,0.0,0.2,63.60000000000001,5.651700000000005,amorphous,859644583,*CCCCCCCCCCCCCCOC(=O)C/C=C/CC(=O)O*,0.22317028985507248
28,27,20,0,0,0.7407407407407407,0.0,0.5454545454545454,2,0.07142857142857142,4,2,6,16,118.53350000000009,0.0,0.09090909090909091,96.25,5.215400000000003,crystalline,867393548,*CCCCCCCCCCCCCCNC(=O)NCCCCCCNC(=O)N*,0.26761423761423764
31,30,25,0,0,0.8333333333333334,0.0,0.6666666666666666,2,0.06451612903225806,1,3,4,23,130.45980000000012,0.0,0.07407407407407407,63.60000000000001,8.606400000000006,crystalline,877528478,*CCCCCCCCCCCCCCCCCCCCOC(=O)CCCCCC(=O)O*,0.2743010752688172
13,14,1,1,1,0.07142857142857142,0.0,0.16666666666666666,4,0.3076923076923077,0,2,2,3,48.169000000000025,0.46153846153846156,0.8,37.38,1.34,semi_crystalline,881173814,*C1C(=O)N(c2ccccc2)C(=O)C1*,0.3056776556776557
40,41,20,2,0,0.4878048780487805,0.0,0.27450980392156865,8,0.2,3,5,8,14,155.8701999999998,0.3,0.5,121.8,6.402500000000006,amorphous,897919146,*CCCCCCCCCCOC(=O)c1ccc(C(=O)NCCCCCCNC(=O)c2ccc(C(=O)O*)cc2)cc1,0.24867049258727886
28,27,22,0,0,0.8148148148148148,0.0,0.6363636363636364,2,0.07142857142857142,2,2,4,20,120.21810000000009,0.0,0.08333333333333333,72.19,6.409800000000006,crystalline,899991188,*CCCCCCCCNC(=O)CCCCCCCCCCCCCCC(=O)N*,0.25929773929773925
17,16,13,0,0,0.8125,0.0,0.7368421052631579,1,0.058823529411764705,1,1,2,13,73.33080000000007,0.0,0.06666666666666667,37.3,5.162200000000004,crystalline,904791008,*CCCCCCCCCCCCCCC(=O)O*,0.2847871517027864
36,36,25,1,0,0.6944444444444444,0.0,0.5365853658536586,4,0.1111111111111111,2,2,4,21,154.06809999999982,0.16666666666666666,0.25,72.19,8.195000000000007,crystalline,912967034,*CCc1ccc(CCNC(=O)CCCCCCCCCCCCCCCCCCCCC(=O)N*)cc1,0.22088075880758815
36,36,25,1,0,0.6944444444444444,0.0,0.5116279069767442,4,0.1111111111111111,1,3,4,21,150.45879999999983,0.16666666666666666,0.25,63.60000000000001,9.221300000000003,crystalline,913582816,*CCCCCCCCCCCCCCCCCCCCCCOC(=O)Cc1ccccc1CC(=O)O*,0.21838501291989662
32,31,24,0,0,0.7741935483870968,0.0,0.5945945945945946,2,0.0625,4,2,6,20,137.00150000000008,0.0,0.07692307692307693,96.25,6.775800000000006,crystalline,923146158,*CCCCCCCCCCCCCCNC(=O)NCCCCCCCCCCNC(=O)N*,0.2870401046207499
34,33,24,0,0,0.7272727272727273,0.0,0.4444444444444444,4,0.11764705882352941,3,5,8,18,133.39420000000007,0.0,0.15384615384615385,121.8,4.888300000000004,crystalline,925984041,*CCCCCCCCOC(=O)CCCCCNC(=O)CCCCC(=O)NCCCCCC(=O)O*,0.21171717171717164
22,22,7,1,0,0.3181818181818182,0.0,0.13793103448275862,8,0.36363636363636365,1,3,4,5,98.89000000000006,0.2727272727272727,0.4444444444444444,34.14,5.005300000000005,amorphous,926851553,*Cc1c(C)c(C)c(CSC(=O)CCCCC(=O)S*)c(C)c1C,0.22924764890282126
35,34,29,0,0,0.8529411764705882,0.0,0.65,2,0.05714285714285714,1,4,5,24,152.40179999999984,0.0,0.06666666666666667,63.60000000000001,9.7297,crystalline,932213408,*CCCCCCCCCCCCCCCCCCCCOC(=O)CCCCSCCCCC(=O)O*,0.2904201680672268
27,26,20,0,0,0.7692307692307693,0.0,0.5294117647058824,3,0.1111111111111111,2,2,4,21,115.5311000000001,0.0,0.08695652173913043,72.19,5.875600000000006,crystalline,935941337,*CCCCCCCCNC(=O)C(CCCCCCCCCCCC)C(=O)N*,0.19601809954751132
27,26,21,0,0,0.8076923076923077,0.0,0.5625,2,0.07407407407407407,1,4,5,16,108.95980000000009,0.0,0.09090909090909091,72.83,5.892300000000006,crystalline,951628759,*CCOCCOC(=O)CCCCCCCCCCCCCCCCC(=O)O*,0.25233262108262117
23,22,15,0,0,0.6818181818181818,0.0,0.32142857142857145,2,0.08695652173913043,3,5,8,5,98.78720000000007,0.0,0.13333333333333333,87.66000000000001,3.4170000000000016,amorphous,954755494,*CCCCOC(=O)NCCSCCCCCSCCNC(=O)O*,0.23004799548277816
19,19,6,1,0,0.3157894736842105,0.0,0.1,5,0.2631578947368421,1,3,4,11,73.23080000000003,0.3157894736842105,0.6153846153846154,63.60000000000001,3.025500000000001,amorphous,954804864,*CC(CCl)(CCl)COC(=O)c1ccc(C(=O)O*)cc1,0.22999999999999998
12,12,3,1,0,0.25,0.0,0.17647058823529413,3,0.25,1,2,3,2,48.35480000000003,0.5,0.6,29.46,1.75462,amorphous,956860993,*CC(COc1ccc(C)cc1)O*,0.3176470588235295
14,15,1,1,1,0.06666666666666667,0.0,0.1111111111111111,5,0.35714285714285715,0,2,2,3,52.90600000000003,0.42857142857142855,0.7272727272727273,37.38,1.64842,crystalline,957017762,*C1C(=O)N(c2ccc(C)cc2)C(=O)C1*,0.29730158730158723
36,38,14,3,0,0.3684210526315789,0.0,0.20930232558139536,8,0.2222222222222222,1,6,7,11,139.0127999999999,0.5,0.6666666666666666,82.06,7.350100000000008,amorphous,961207214,*CCCCCCCCCCOc1cccc(OC(=O)c2ccc(C(=O)Oc3cccc(O*)c3)cc2)c1,0.26908812729498166
18,17,11,0,0,0.6470588235294118,0.0,0.4782608695652174,2,0.1111111111111111,2,2,4,10,74.04810000000005,0.0,0.14285714285714285,72.19,2.5088,crystalline,973091046,*CCCCCCCCCCCCNC(=O)C(=O)N*,0.2031202046035805
34,33,28,0,0,0.8484848484848485,0.0,0.6923076923076923,2,0.058823529411764705,1,3,4,26,144.31079999999994,0.0,0.06666666666666667,63.60000000000001,9.776699999999998,crystalline,974171598,*CCCCCCCCCCCCCCCCCCCCOC(=O)CCCCCCCCC(=O)O*,0.28673522555875497
34,33,28,0,0,0.8484848484848485,0.0,0.6923076923076923,2,0.058823529411764705,1,3,4,26,144.31079999999994,0.0,0.06666666666666667,63.60000000000001,9.7767,crystalline,977446169,*CCCCCCCCCCCCCCCCOC(=O)CCCCCCCCCCCCC(=O)O*,0.28673522555875497
37,37,27,0,1,0.7297297297297297,0.0,0.5625,5,0.13513513513513514,0,2,2,34,160.76399999999973,0.0,0.058823529411764705,37.38,10.789899999999992,crystalline,980411522,*CC(CCCCCCCCCCCCCCCC)C1C(=O)N(CCCCCCCCCCCC)C(=O)C1*,0.193277027027027
39,40,19,2,0,0.475,0.0,0.26,8,0.20512820512820512,3,5,8,13,151.25319999999985,0.3076923076923077,0.5161290322580645,121.8,6.012400000000006,crystalline,991677197,*CCCCCCCCCCOC(=O)c1ccc(C(=O)NCCCCCNC(=O)c2ccc(C(=O)O*)cc2)cc1,0.2492692307692308
2,1,0,0,0,0.0,0.0,0.0,0,0.0,1,1,2,0,8.1428,0.0,0.0,20.23,-0.3915,crystalline,997443668,*CO*,0.51
21,22,4,2,0,0.18181818181818182,0.0,0.21428571428571427,6,0.2857142857142857,1,5,6,2,75.46380000000002,0.5714285714285714,0.875,72.83,2.788100000000001,amorphous,1012389657,*CCOc1cccc(C(=O)OC(=O)c2cccc(O*)c2)c1,0.3503896103896105
10,9,7,0,0,0.7777777777777778,0.0,0.6666666666666666,0,0.0,1,2,3,4,55.32000000000004,0.0,0.0,0.0,3.2297000000000025,crystalline,1025699725,*CCCCCCSCCS*,0.4238888888888889
25,26,8,2,0,0.3076923076923077,0.0,0.16666666666666666,6,0.24,1,5,6,6,93.93180000000004,0.48,0.7,72.83,4.348500000000003,amorphous,1029595953,*CCCCCCOc1ccc(C(=O)OC(=O)c2ccc(O*)cc2)cc1,0.263897435897436
10,9,5,0,0,0.5555555555555556,0.0,0.35714285714285715,2,0.2,1,1,2,8,42.500400000000006,0.0,0.125,43.09,1.6881,crystalline,1039985158,*CCCCC(C)CC(=O)N*,0.19015873015873014
17,16,9,0,0,0.5625,0.0,0.25,3,0.17647058823529413,1,3,4,14,66.60980000000004,0.0,0.18181818181818182,63.60000000000001,2.6585,amorphous,1048177525,*CC(CCl)(CCl)COC(=O)CCCCC(=O)O*,0.18875000000000003
10,9,5,0,0,0.5555555555555556,0.0,0.4166666666666667,1,0.1,2,1,3,4,41.7281,0.0,0.14285714285714285,55.120000000000005,1.2349999999999999,crystalline,1050435822,*CCCCCCNC(=O)N*,0.22111111111111106
35,35,23,1,0,0.6571428571428571,0.0,0.475,4,0.11428571428571428,3,3,6,19,152.7683999999998,0.17142857142857143,0.26666666666666666,58.2,7.89050000000001,crystalline,1054068496,*CCCCCCCCCCC(=O)NCc1ccc(CNC(=O)CCCCCCCCCCS*)cc1,0.22892857142857137
7,6,4,0,0,0.6666666666666666,0.0,0.5,0,0.0,1,2,3,2,41.219000000000015,0.0,0.0,0.0,2.4070000000000005,amorphous,1057142863,*CCCCSCS*,0.45833333333333337
19,18,16,0,0,0.8888888888888888,0.0,0.8333333333333334,0,0.0,1,2,3,13,96.87300000000008,0.0,0.0,0.0,6.740600000000008,crystalline,1071493956,*CCCCCCCCCCCSCCCCCCS*,0.4094444444444445
16,15,10,0,0,0.6666666666666666,0.0,0.42857142857142855,2,0.125,2,2,4,8,64.81410000000004,0.0,0.16666666666666666,72.19,1.7286,amorphous,1074560123,*CCCCCCCCNC(=O)CCC(=O)N*,0.19619047619047614
32,32,21,1,0,0.65625,0.0,0.4864864864864865,4,0.125,2,2,4,17,135.60010000000003,0.1875,0.2857142857142857,72.19,6.634600000000007,crystalline,1077976008,*CCc1ccc(CCNC(=O)CCCCCCCCCCCCCCCCC(=O)N*)cc1,0.22177364864864862
28,27,21,0,0,0.7777777777777778,0.0,0.5,2,0.07142857142857142,1,3,4,18,116.51480000000011,0.0,0.16666666666666666,63.60000000000001,7.2121000000000075,crystalline,1080075202,*CCCCCCCCCCCCCCCCOC(=O)CC/C=C/CCC(=O)O*,0.2493650793650794
19,18,13,0,0,0.7222222222222222,0.0,0.4166666666666667,2,0.10526315789473684,1,4,5,8,72.02380000000005,0.0,0.14285714285714285,72.83,2.7715000000000005,crystalline,1087155239,*CCOCCOC(=O)CCCCCCCCC(=O)O*,0.19444444444444436
26,25,20,0,0,0.8,0.0,0.6129032258064516,2,0.07692307692307693,2,2,4,18,110.98410000000008,0.0,0.09090909090909091,72.19,5.629600000000005,crystalline,1096169476,*CCCCCCCCNC(=O)CCCCCCCCCCCCC(=O)N*,0.24744416873449132
26,27,5,2,0,0.18518518518518517,0.0,0.11764705882352941,8,0.3076923076923077,1,8,9,2,86.56280000000002,0.46153846153846156,0.8888888888888888,116.20000000000002,1.8578999999999999,amorphous,1114536999,*CC(=O)OC(=O)c1ccc(C(=O)OC(=O)COc2ccc(O*)cc2)cc1,0.34440003351768056
19,19,8,1,0,0.42105263157894735,0.0,0.20833333333333334,4,0.21052631578947367,2,2,4,6,75.30510000000002,0.3157894736842105,0.5333333333333333,72.19,2.04702,amorphous,1118322325,*Cc1ccc(CNC(=O)CCCCCC(=O)N*)cc1,0.23030701754385965
3,2,0,0,0,0.0,0.0,0.0,0,0.0,1,1,2,0,19.526999999999997,0.0,0.0,0.0,0.9360999999999999,crystalline,1121030015,*CCS*,0.51
38,37,28,0,0,0.7567567567567568,0.0,0.4897959183673469,4,0.10526315789473684,3,5,8,22,151.8621999999999,0.0,0.13333333333333333,121.8,6.448700000000006,crystalline,1122498895,*CCCCCCCCCCCCOC(=O)CCCCCNC(=O)CCCCC(=O)NCCCCCC(=O)O*,0.21330391616105904
31,30,24,0,0,0.8,0.0,0.5789473684210527,3,0.0967741935483871,1,3,4,25,130.38980000000012,0.0,0.07407407407407407,63.60000000000001,8.462300000000008,crystalline,1123567256,*CCCCCCCCCCCCCCCCCCCCOC(=O)CCC(C)CC(=O)O*,0.204346349745331
6,5,3,0,0,0.6,0.0,0.8,0,0.0,1,1,2,3,33.377999999999986,0.0,0.0,0.0,2.1064000000000003,amorphous,1140194913,*CCCCCS*,0.47000000000000003
16,15,10,0,0,0.6666666666666666,0.0,0.42857142857142855,2,0.125,2,2,4,8,64.81410000000004,0.0,0.16666666666666666,72.19,1.7286,crystalline,1141104268,*CCCCNC(=O)CCCCCCC(=O)N*,0.19619047619047614
8,7,4,0,0,0.5714285714285714,0.0,0.5,1,0.125,1,1,2,4,33.33639999999998,0.0,0.16666666666666666,43.09,1.052,crystalline,1147168409,*CCCCCC(=O)N*,0.2228571428571429
26,25,20,0,0,0.8,0.0,0.6129032258064516,2,0.07692307692307693,2,2,4,18,110.98410000000008,0.0,0.09090909090909091,72.19,5.629600000000005,crystalline,1153834877,*CCCCCCNC(=O)CCCCCCCCCCCCCCC(=O)N*,0.24744416873449132
26,25,19,0,0,0.76,0.0,0.5483870967741935,2,0.07692307692307693,3,3,6,15,108.03420000000007,0.0,0.09523809523809523,78.43,4.082500000000003,crystalline,1158854097,*CCCCCCCCCCC(=O)NCCCCCCNC(=O)CCCO*,0.2549925558312655
24,24,11,1,0,0.4583333333333333,0.0,0.2413793103448276,4,0.16666666666666666,3,3,6,7,92.87020000000005,0.25,0.4444444444444444,87.66000000000001,4.040900000000002,amorphous,1159550508,*CCCCCCCCOC(=O)NCc1ccc(CNC(=O)O*)cc1,0.23330459770114947
9,8,6,0,0,0.75,0.0,0.625,0,0.0,1,2,3,4,37.17979999999999,0.0,0.0,29.46,1.5331,semi_crystalline,1169677958,*CCCCCCOCO*,0.4225
22,21,16,0,0,0.7619047619047619,0.0,0.5555555555555556,2,0.09090909090909091,2,2,4,14,92.51610000000007,0.0,0.1111111111111111,72.19,4.069200000000002,crystalline,1178529764,*CCCCCCCCCCNC(=O)CCCCCCC(=O)N*,0.21754689754689754
14,13,8,0,0,0.6153846153846154,0.0,0.3684210526315789,2,0.14285714285714285,2,2,4,6,55.58010000000003,0.0,0.2,72.19,0.9483999999999999,crystalline,1180333206,*CCCCNC(=O)CCCCC(=O)N*,0.19530364372469633
4,3,1,0,0,0.3333333333333333,0.0,0.6666666666666666,0,0.0,1,1,2,1,17.376800000000003,0.0,0.0,20.23,0.3887,crystalline,1182679846,*CCCO*,0.5233333333333333
16,15,9,0,0,0.6,0.0,0.3333333333333333,2,0.125,2,3,5,6,60.36250000000004,0.0,0.18181818181818182,75.63,2.1576999999999997,amorphous,1186143208,*CCCCOC(=O)CCCCCNC(=O)O*,0.1983333333333333
17,18,4,1,1,0.2222222222222222,0.0,0.12,6,0.35294117647058826,1,3,4,8,60.95480000000003,0.35294117647058826,0.6153846153846154,63.60000000000001,2.1976000000000004,amorphous,1189744629,*CC1CC1COC(=O)c1cccc(C(=O)O*)c1,0.24507189542483657
1,0,0,0,0,0.0,1.0,0.0,0,0.0,0,0,0,0,6.731,0.0,0.0,0.0,0.6361,amorphous,1197069937,*C*,0.6
24,23,17,0,0,0.7391304347826086,0.0,0.5172413793103449,2,0.08333333333333333,3,3,6,13,98.80020000000006,0.0,0.10526315789473684,78.43,3.302300000000002,crystalline,1199796903,*CCCCCCCCC(=O)NCCCCCCNC(=O)CCCO*,0.241144427786107
9,8,4,0,0,0.5,0.0,0.36363636363636365,1,0.1111111111111111,2,1,3,3,35.55249999999998,0.0,0.16666666666666666,49.33,1.4442,semi_crystalline,1201052937,*CCCCCNC(=O)O*,0.2413636363636364
21,20,15,0,0,0.75,0.0,0.46153846153846156,2,0.09523809523809523,1,4,5,10,87.76380000000006,0.0,0.125,63.60000000000001,4.2683000000000035,crystalline,1204134441,*CCCCCCOC(=O)CCCCSCCCCC(=O)O*,0.20567765567765578
18,17,10,0,0,0.5882352941176471,0.0,0.20689655172413793,2,0.1111111111111111,2,2,4,6,73.86010000000003,0.0,0.42857142857142855,72.19,2.0608,amorphous,1208726540,*CCCCCCNC(=O)/C=C/CC/C=C/C(=O)N*,0.18186612576064912
44,43,38,0,0,0.8837209302325582,0.0,0.7551020408163265,2,0.045454545454545456,1,3,4,36,190.48079999999936,0.0,0.05,63.60000000000001,13.677699999999977,crystalline,1209050682,*CCCCOC(=O)CCCCCCCCCCCCCCCCCCCCCCCCCCCCCCCCCCC(=O)O*,0.31622902014928594
26,25,18,0,0,0.72,0.0,0.5161290322580645,2,0.07692307692307693,3,3,6,14,105.69020000000008,0.0,0.1,87.66000000000001,5.4615000000000045,amorphous,1209928353,*CCCCCCCCOC(=O)NCCCCCCCCCCNC(=O)O*,0.25576674937965266
32,31,26,0,0,0.8387096774193549,0.0,0.6756756756756757,2,0.0625,1,3,4,24,135.07680000000008,0.0,0.07142857142857142,63.60000000000001,8.996500000000005,crystalline,1214234223,*CCCCCCCCCCOC(=O)CCCCCCCCCCCCCCCCC(=O)O*,0.2786965998256321
26,25,19,0,0,0.76,0.0,0.6129032258064516,2,0.07692307692307693,1,3,4,18,107.37480000000009,0.0,0.09090909090909091,63.60000000000001,6.655900000000006,crystalline,1214923559,*CCCCCCCCCCCCCCCCCCCCOC(=O)C(=O)O*,0.2514441687344913
34,34,23,1,0,0.6764705882352942,0.0,0.5128205128205128,4,0.11764705882352941,2,2,4,19,144.83409999999995,0.17647058823529413,0.26666666666666666,72.19,7.414800000000007,crystalline,1220760786,*CCCCCCCCCCCCCCCCCCNC(=O)CCc1ccc(CCC(=O)N*)cc1,0.22128205128205133
36,35,30,0,0,0.8571428571428571,0.0,0.7073170731707317,2,0.05555555555555555,2,2,4,28,157.1540999999998,0.0,0.0625,72.19,9.530600000000003,crystalline,1221138931,*CCCCCCCCCCCCCCNC(=O)CCCCCCCCCCCCCCCCC(=O)N*,0.29390631049167626
18,17,12,0,0,0.7058823529411765,0.0,0.4782608695652174,2,0.1111111111111111,2,2,4,10,74.04810000000005,0.0,0.14285714285714285,72.19,2.5088,crystalline,1224371344,*CCCCCCCCNC(=O)CCCCC(=O)N*,0.19723785166240398
20,20,9,1,0,0.45,0.0,0.13043478260869565,4,0.2,1,5,6,1,70.99580000000005,0.3,0.5714285714285714,82.06,1.5947,amorphous,1242989659,*CCOCCOCCOC(=O)c1ccc(C(=O)O*)cc1,0.30804347826086964
8,8,0,1,0,0.0,0.0,0.2,2,0.25,2,2,4,1,29.771599999999996,0.75,1.0,40.46,1.0977999999999997,semi_crystalline,1244604743,*c1cc(O)c(O)cc1*,0.39499999999999996
9,9,1,1,0,0.1111111111111111,0.0,0.3333333333333333,2,0.2222222222222222,1,1,2,1,37.07580000000001,0.6666666666666666,0.75,20.23,1.7399,crystalline,1245611127,*CC(O*)c1ccccc1,0.37888888888888883
9,8,3,0,0,0.375,0.0,0.2222222222222222,2,0.2222222222222222,2,2,4,1,32.495099999999994,0.0,0.4,72.19,-1.0020999999999993,amorphous,1248950707,*CCC(=O)NCC(=O)N*,0.2847222222222222
24,23,18,0,0,0.782608695652174,0.0,0.5862068965517241,2,0.08333333333333333,2,2,4,16,101.75010000000007,0.0,0.1,72.19,4.849400000000004,crystalline,1257958128,*CCCCCCCCCNC(=O)CCCCCCCCCC(=O)N*,0.23369315342328845
21,22,4,1,1,0.18181818181818182,0.0,0.11538461538461539,6,0.2857142857142857,2,3,5,14,79.49400000000004,0.2857142857142857,0.5,75.63,3.7596000000000016,amorphous,1268903954,*CC1CCC(COC(=O)c2ccc(NC(=O)O*)cc2)CC1,0.24692807192807187
39,40,19,2,0,0.475,0.0,0.26,8,0.20512820512820512,3,5,8,13,151.25319999999985,0.3076923076923077,0.5161290322580645,121.8,6.012400000000006,crystalline,1270893836,*CCCCCCCCCOC(=O)c1ccc(C(=O)NCCCCCCNC(=O)c2ccc(C(=O)O*)cc2)cc1,0.2492692307692308
32,31,26,0,0,0.8387096774193549,0.0,0.6756756756756757,2,0.0625,1,3,4,24,135.07680000000008,0.0,0.07142857142857142,63.60000000000001,8.996500000000005,crystalline,1285747694,*CCCCCCCCCCCCCCCCCCCCOC(=O)CCCCCCC(=O)O*,0.2786965998256321
22,21,16,0,0,0.7619047619047619,0.0,0.5555555555555556,2,0.09090909090909091,2,2,4,14,92.51610000000007,0.0,0.1111111111111111,72.19,4.069200000000002,crystalline,1291851819,*CCCCCCCCCCCCNC(=O)CCCCC(=O)N*,0.21754689754689754
19,18,15,0,0,0.8333333333333334,0.0,0.7619047619047619,1,0.05263157894736842,1,1,2,15,84.12340000000006,0.0,0.058823529411764705,43.09,5.343100000000004,semi_crystalline,1297972519,*CCCCCCCCCCCCCCCCC(=O)N*,0.29759398496240597
14,13,10,0,0,0.7692307692307693,0.0,0.6875,1,0.07142857142857142,1,1,2,10,61.038400000000046,0.0,0.08333333333333333,43.09,3.3926000000000007,crystalline,1299554017,*CCCCCCCCCCCC(=O)N*,0.2589697802197802
16,15,8,0,0,0.5333333333333333,0.0,0.2,4,0.25,4,4,8,6,58.35970000000003,0.0,0.2,112.64999999999999,-1.1099999999999983,amorphous,1330783970,*CCCCCCNC(=O)C(O)C(O)C(=O)N*,0.20666666666666667
27,26,21,0,0,0.8076923076923077,0.0,0.625,2,0.07407407407407407,2,2,4,19,115.60110000000009,0.0,0.08695652173913043,72.19,6.019700000000006,crystalline,1337696117,*CCCCCCCCCCCNC(=O)CCCCCCCCCCC(=O)N*,0.25358262108262114
24,23,18,0,0,0.782608695652174,0.0,0.5862068965517241,2,0.08333333333333333,1,3,4,16,98.14080000000008,0.0,0.1,63.60000000000001,5.8757000000000055,crystalline,1347090486,*CCCCCCCCCCOC(=O)CCCCCCCCC(=O)O*,0.23369315342328845
9,8,3,0,0,0.375,0.0,0.18181818181818182,2,0.2222222222222222,1,3,4,1,28.885799999999985,0.0,0.4,63.60000000000001,0.024200000000000166,amorphous,1347977204,*CCOC(=O)CC(=O)O*,0.28068181818181814
36,35,30,0,0,0.8571428571428571,0.0,0.7073170731707317,2,0.05555555555555555,2,2,4,28,157.1540999999998,0.0,0.0625,72.19,9.530600000000003,crystalline,1353112393,*CCCCCCCCCCNC(=O)CCCCCCCCCCCCCCCCCCCCC(=O)N*,0.29390631049167626
13,12,10,0,0,0.8333333333333334,0.0,0.9166666666666666,0,0.0,1,1,2,10,58.92980000000006,0.0,0.0,20.23,3.8996000000000035,crystalline,1366250569,*CCCCCCCCCCCCO*,0.41833333333333333
12,11,6,0,0,0.5454545454545454,0.0,0.29411764705882354,2,0.16666666666666666,1,3,4,4,55.60000000000003,0.0,0.25,34.14,2.282900000000001,amorphous,1367879345,*CCSC(=O)CCCCC(=O)S*,0.21486631016042781
24,23,18,0,0,0.782608695652174,0.0,0.5862068965517241,2,0.08333333333333333,2,2,4,16,101.75010000000007,0.0,0.1,72.19,4.849400000000004,crystalline,1370747504,*CCCCCCNC(=O)CCCCCCCCCCCCC(=O)N*,0.23369315342328845
35,36,16,2,0,0.4444444444444444,0.0,0.19230769230769232,8,0.22857142857142856,1,6,7,15,137.07479999999998,0.34285714285714286,0.4827586206896552,82.06,6.599000000000008,amorphous,1373519109,*CC(CCCCCCCCOc1ccc(C(=O)Oc2ccc(C(=O)OCC(C)CC)cc2)cc1)O*,0.24407203907203906
38,37,32,0,0,0.8648648648648649,0.0,0.7209302325581395,2,0.05263157894736842,2,2,4,30,166.38809999999967,0.0,0.058823529411764705,72.19,10.310799999999999,crystalline,1385421838,*CCCCCCCCCCCCNC(=O)CCCCCCCCCCCCCCCCCCCCC(=O)N*,0.3003433788745906
36,36,21,1,0,0.5833333333333334,0.0,0.3404255319148936,6,0.16666666666666666,3,5,8,15,140.01519999999996,0.16666666666666666,0.35714285714285715,121.8,5.2553000000000045,crystalline,1392118578,*CCCCCCCCOC(=O)CCCCCNC(=O)c1ccc(C(=O)NCCCCCC(=O)O*)cc1,0.23237588652482277
37,37,26,1,0,0.7027027027027027,0.0,0.6216216216216216,4,0.10810810810810811,1,3,4,24,155.02579999999978,0.16216216216216217,0.24242424242424243,63.60000000000001,10.000099999999998,crystalline,1394335529,*CCCCCCCCCCCCCCCCCCCCCCOC(=O)CC(CC(=O)O*)c1ccccc1,0.22810810810810817
17,16,13,0,0,0.8125,0.0,0.7368421052631579,1,0.058823529411764705,1,1,2,13,74.88940000000005,0.0,0.06666666666666667,43.09,4.562900000000003,crystalline,1408899479,*CCCCCCCCCCCCCCC(=O)N*,0.2847871517027864
17,17,7,1,0,0.4117647058823529,0.0,0.2857142857142857,3,0.17647058823529413,2,1,3,3,75.22410000000004,0.35294117647058826,0.5384615384615384,55.120000000000005,2.2622,amorphous,1428459269,*CCCP(CCCNC(=O)N*)c1ccccc1,0.2776890756302521
16,15,13,0,0,0.8666666666666667,0.0,0.6666666666666666,0,0.0,1,4,5,8,88.97000000000006,0.0,0.0,0.0,6.086500000000006,crystalline,1434137991,*CCCCCCCCSSCCCCSS*,0.405
20,19,14,0,0,0.7368421052631579,0.0,0.44,2,0.1,1,4,5,9,83.14680000000006,0.0,0.13333333333333333,63.60000000000001,3.8782000000000023,crystalline,1435785371,*CCCCCOC(=O)CCCCSCCCCC(=O)O*,0.19531578947368422
30,30,15,1,0,0.5,0.0,0.24390243902439024,6,0.2,3,5,8,9,112.31320000000007,0.2,0.45454545454545453,121.8,2.9147000000000007,amorphous,1439560323,*CCCC(=O)NCCCCCCNC(=O)CCCOC(=O)c1ccc(C(=O)O*)cc1,0.23439024390243907
14,13,8,0,0,0.6153846153846154,0.0,0.3684210526315789,2,0.14285714285714285,1,3,4,6,51.97080000000003,0.0,0.2,63.60000000000001,1.9747000000000001,amorphous,1441221742,*CCCOC(=O)CCCCCC(=O)O*,0.19530364372469633
42,41,31,0,0,0.7560975609756098,0.0,0.5283018867924528,4,0.09523809523809523,4,4,8,26,173.93949999999967,0.0,0.11764705882352941,130.39000000000001,6.982800000000007,crystalline,1447075360,*CCCCCCCCCCCNC(=O)CCCCCCCCC(=O)NCCCCCCCCCCCNC(=O)C(=O)N*,0.22674424210549388
29,28,23,0,0,0.8214285714285714,0.0,0.5882352941176471,2,0.06896551724137931,1,4,5,18,118.19380000000011,0.0,0.08333333333333333,72.83,6.672500000000006,crystalline,1449297338,*CCCCCCCCCCCCCCCCCCCCOC(=O)COCC(=O)O*,0.26374963778614896
13,12,7,0,0,0.5833333333333334,0.0,0.3684210526315789,2,0.15384615384615385,1,1,2,16,54.792800000000035,0.0,0.09090909090909091,37.3,3.4577000000000018,amorphous,1452233273,*CC(CCCC)(CCCC)C(=O)O*,0.18850877192982454
15,15,4,0,1,0.26666666666666666,0.0,0.2,4,0.26666666666666666,1,3,4,14,54.33380000000003,0.0,0.18181818181818182,63.60000000000001,1.8306,crystalline,1452778640,*CCCOC(=O)C1CCC(C(=O)O*)CC1,0.21333333333333335
34,33,28,0,0,0.8484848484848485,0.0,0.6923076923076923,2,0.058823529411764705,2,2,4,26,147.9200999999999,0.0,0.06666666666666667,72.19,8.750400000000006,crystalline,1463007614,*CCCCCCCCCCCCCCCCCCNC(=O)CCCCCCCCCCC(=O)N*,0.28673522555875497
16,15,9,0,0,0.6,0.0,0.42857142857142855,2,0.125,1,3,4,8,61.20480000000004,0.0,0.16666666666666666,63.60000000000001,2.7549,amorphous,1463811998,*CCCCCCCCCCOC(=O)C(=O)O*,0.2028571428571428
26,27,5,0,2,0.18518518518518517,0.0,0.17142857142857143,7,0.2692307692307692,3,3,6,31,101.20820000000008,0.0,0.1,87.66000000000001,4.534000000000003,amorphous,1469266389,*CC(C)(C)COC(=O)NC1CCC(CC2CCC(NC(=O)O*)CC2)CC1,0.22862433862433862
4,4,0,0,1,0.0,0.0,0.4,0,0.0,0,0,0,4,18.468,0.0,0.0,0.0,1.5604,semi_crystalline,1473745481,*C1CCC1*,0.46
21,20,15,0,0,0.75,0.0,0.5384615384615384,2,0.09523809523809523,2,2,4,13,87.89910000000006,0.0,0.11764705882352941,72.19,3.679100000000002,crystalline,1479997464,*CCCCCCCNC(=O)CCCCCCCCC(=O)N*,0.20836996336996344
27,26,24,0,0,0.9230769230769231,0.0,0.8076923076923077,0,0.0,1,3,4,18,117.50380000000011,0.0,0.0,38.69,7.053600000000009,crystalline,1484839925,*CCCCCCCCCCOCCCCCCCCCCOCCCCO*,0.40846153846153854
12,11,1,0,0,0.09090909090909091,0.0,0.5,3,0.25,1,1,2,5,27.350799999999996,0.0,0.0,20.23,2.252100000000001,amorphous,1486442979,*CCC(O*)(C(F)(F)F)C(F)(F)F,0.2509090909090909
28,27,21,0,0,0.7777777777777778,0.0,0.5428571428571428,3,0.10714285714285714,2,2,4,22,120.1481000000001,0.0,0.08333333333333333,72.19,6.265700000000006,crystalline,1487203237,*CCCCCCCCCNC(=O)C(CCCCCCCCCCCC)C(=O)N*,0.19650793650793646
11,10,4,0,0,0.4,0.0,0.3,2,0.18181818181818182,0,2,2,12,45.22800000000002,0.0,0.3333333333333333,26.3,2.1517999999999997,amorphous,1491854107,*C=CCC(C)(CC*)C(=O)OC,0.2
17,16,11,0,0,0.6875,0.0,0.45454545454545453,2,0.11764705882352941,2,2,4,9,69.43110000000004,0.0,0.15384615384615385,72.19,2.1187,crystalline,1495657690,*CCCCCCNC(=O)CCCCCC(=O)N*,0.19670454545454538
18,18,7,1,0,0.3888888888888889,0.0,0.17391304347826086,4,0.2222222222222222,1,3,4,3,67.35280000000004,0.3333333333333333,0.5714285714285714,63.60000000000001,2.1995000000000005,amorphous,1500711821,*CCCCOC(=O)Cc1ccc(CC(=O)O*)cc1,0.27183574879227057
28,27,22,0,0,0.8148148148148148,0.0,0.6363636363636364,2,0.07142857142857142,1,3,4,20,116.60880000000012,0.0,0.08333333333333333,63.60000000000001,7.436100000000007,semi_crystalline,1504210048,*CCCCCCCCCCCCCCCCCCCCOC(=O)CCC(=O)O*,0.25929773929773925
30,29,24,0,0,0.8275862068965517,0.0,0.6571428571428571,2,0.06666666666666667,1,3,4,22,125.84280000000012,0.0,0.07692307692307693,63.60000000000001,8.21630000000001,crystalline,1504459006,*CCCCCCCCCCCCCCCCOC(=O)CCCCCCCCC(=O)O*,0.2696223316912973
27,26,21,0,0,0.8076923076923077,0.0,0.625,2,0.07407407407407407,2,2,4,19,115.60110000000009,0.0,0.08695652173913043,72.19,6.019700000000006,crystalline,1514104618,*CCCNC(=O)CCCCCCCCCCCCCCCCCCC(=O)N*,0.25358262108262114
22,22,11,1,0,0.5,0.0,0.3333333333333333,4,0.18181818181818182,2,2,4,9,89.90310000000005,0.2727272727272727,0.4444444444444444,72.19,3.6560000000000015,amorphous,1523715614,*CCCCCCCCCCNC(=O)c1ccc(C(=O)N*)cc1,0.23060606060606054
27,27,16,1,0,0.5925925925925926,0.0,0.4444444444444444,4,0.14814814814814814,2,2,4,11,116.77810000000004,0.2222222222222222,0.36363636363636365,72.19,4.316200000000003,amorphous,1527614677,*CCCP(CCCNC(=O)CCCCCCCCC(=O)N*)c1ccccc1,0.22740740740740736
40,39,29,0,0,0.7435897435897436,0.0,0.5098039215686274,4,0.1,4,4,8,24,164.70549999999974,0.0,0.125,130.39000000000001,6.202600000000006,semi_crystalline,1528389333,*CCCCCCCCCCNC(=O)CCCCCCCCC(=O)NCCCCCCCCCCNC(=O)C(=O)N*,0.2166214177978884
28,29,12,2,0,0.41379310344827586,0.0,0.25,6,0.21428571428571427,1,3,4,10,111.72980000000007,0.42857142857142855,0.5833333333333334,63.60000000000001,6.349300000000007,amorphous,1528836681,*CCCCCCCCCCOC(=O)c1cccc(-c2cccc(C(=O)O*)c2)c1,0.24647783251231523
30,29,24,0,0,0.8275862068965517,0.0,0.6571428571428571,2,0.06666666666666667,1,3,4,22,125.84280000000012,0.0,0.07692307692307693,63.60000000000001,8.216300000000007,crystalline,1536084197,*CCCCCCCCCCCCCCCCCCCCCCOC(=O)CCC(=O)O*,0.2696223316912973
21,20,15,0,0,0.75,0.0,0.5384615384615384,2,0.09523809523809523,2,2,4,13,87.89910000000006,0.0,0.11764705882352941,72.19,3.679100000000002,crystalline,1547038341,*CCCCCCCCNC(=O)CCCCCCCC(=O)N*,0.20836996336996344
24,23,18,0,0,0.782608695652174,0.0,0.5862068965517241,2,0.08333333333333333,2,2,4,16,101.75010000000007,0.0,0.1,72.19,4.849400000000004,crystalline,1551667752,*CCCCCCCCNC(=O)CCCCCCCCCCC(=O)N*,0.23369315342328845
2,1,0,0,0,0.0,0.0,0.0,0,0.0,1,1,2,0,14.910000000000002,0.0,0.0,0.0,0.546,crystalline,1555593891,*CS*,0.51
24,23,18,0,0,0.782608695652174,0.0,0.5862068965517241,2,0.08333333333333333,2,2,4,16,101.75010000000007,0.0,0.1,72.19,4.849400000000004,crystalline,1558987909,*CCNC(=O)CCCCCCCCCCCCCCCCC(=O)N*,0.23369315342328845
30,32,8,2,1,0.25,0.0,0.18518518518518517,9,0.3,1,5,6,9,118.25080000000005,0.4,0.68,64.99,5.418200000000006,amorphous,1562112815,*CCCCOc1ccc(C=C2CCC(=Cc3ccc(O*)c(OC)c3)C2=O)cc1OC,0.2635185185185185
26,25,20,0,0,0.8,0.0,0.6129032258064516,2,0.07692307692307693,2,2,4,18,110.98410000000008,0.0,0.09090909090909091,72.19,5.629600000000004,crystalline,1562707517,*CCCCCCCCCCCCNC(=O)CCCCCCCCC(=O)N*,0.24744416873449132
8,7,5,0,0,0.7142857142857143,0.0,0.5714285714285714,0,0.0,1,2,3,2,46.086000000000034,0.0,0.0,0.0,2.449500000000001,crystalline,1569767963,*CCCCSCCS*,0.4607142857142857
29,28,23,0,0,0.8214285714285714,0.0,0.6470588235294118,2,0.06896551724137931,1,3,4,21,121.22580000000012,0.0,0.08,63.60000000000001,7.826200000000008,crystalline,1573438487,*CCCCCCCCCCCCCCCCCCCCOC(=O)CCCC(=O)O*,0.2646319907273254
18,17,10,0,0,0.5882352941176471,0.0,0.34782608695652173,2,0.1111111111111111,3,3,6,6,81.61740000000003,0.0,0.16666666666666666,58.2,3.4291000000000023,amorphous,1601398939,*CCCCSC(=O)NCCCCCCNC(=O)S*,0.20595907928388746
20,19,14,0,0,0.7368421052631579,0.0,0.52,2,0.1,2,2,4,12,83.28210000000006,0.0,0.125,72.19,3.2890000000000015,crystalline,1603135089,*CCCCNC(=O)CCCCCCCCCCC(=O)N*,0.19831578947368422
10,9,6,0,0,0.6666666666666666,0.0,0.5833333333333334,1,0.1,1,1,2,6,42.57040000000001,0.0,0.125,43.09,1.8322,crystalline,1611331043,*CCCCCCCC(=O)N*,0.20166666666666666
22,21,16,0,0,0.7619047619047619,0.0,0.5555555555555556,2,0.09090909090909091,1,3,4,14,88.90680000000008,0.0,0.1111111111111111,63.60000000000001,5.095500000000004,crystalline,1611694557,*CCCCCCCCCCCCOC(=O)CCCCC(=O)O*,0.21754689754689754
27,26,21,0,0,0.8076923076923077,0.0,0.625,2,0.07407407407407407,2,2,4,19,115.60110000000009,0.0,0.08695652173913043,72.19,6.019700000000006,crystalline,1619869238,*CCCCCCCCCCNC(=O)CCCCCCCCCCCC(=O)N*,0.25358262108262114
4,3,0,0,0,0.0,0.0,0.2,1,0.25,1,1,2,0,14.868400000000001,0.0,0.5,43.09,-0.5084,crystalline,1625717733,*CC(=O)N*,0.33
31,30,25,0,0,0.8333333333333334,0.0,0.6666666666666666,2,0.06451612903225806,2,2,4,23,134.06910000000008,0.0,0.07407407407407407,72.19,7.580100000000008,crystalline,1630196267,*CCCCCCCNC(=O)CCCCCCCCCCCCCCCCCCC(=O)N*,0.2743010752688172
20,20,7,1,0,0.35,0.0,0.17647058823529413,5,0.25,1,4,5,2,74.47380000000004,0.3,0.6666666666666666,72.83000000000001,2.506500000000001,amorphous,1638121977,*CCOC(=O)CC(=CC(=O)O*)c1ccc(OCC)cc1,0.29764705882352954
18,17,12,0,0,0.7058823529411765,0.0,0.4782608695652174,2,0.1111111111111111,2,2,4,10,74.04810000000005,0.0,0.14285714285714285,72.19,2.5088,crystalline,1640870840,*CCCCCCCNC(=O)CCCCCC(=O)N*,0.19723785166240398
15,15,5,0,1,0.3333333333333333,0.0,0.18181818181818182,4,0.26666666666666666,3,3,6,3,52.745200000000025,0.0,0.2222222222222222,87.66000000000001,0.9212,amorphous,1641687238,*CCCCOC(=O)NC1CC1NC(=O)O*,0.2548484848484849
24,23,18,0,0,0.782608695652174,0.0,0.5862068965517241,2,0.08333333333333333,1,3,4,16,98.14080000000008,0.0,0.1,63.60000000000001,5.8757000000000055,crystalline,1645271820,*CCCCCCCCCCCCCCOC(=O)CCCCC(=O)O*,0.23369315342328845
18,17,10,0,0,0.5882352941176471,0.0,0.34782608695652173,2,0.1111111111111111,4,2,6,6,72.36350000000003,0.0,0.16666666666666666,96.25,1.3144000000000002,amorphous,1653539066,*CCCCCCNC(=O)NCCCCNC(=O)N*,0.20595907928388746
28,27,22,0,0,0.8148148148148148,0.0,0.6363636363636364,2,0.07142857142857142,2,2,4,20,120.21810000000009,0.0,0.08333333333333333,72.19,6.409800000000006,crystalline,1659755878,*CCCCCCCCCCCCCCNC(=O)CCCCCCCCC(=O)N*,0.25929773929773925
24,23,18,0,0,0.782608695652174,0.0,0.5862068965517241,2,0.08333333333333333,1,3,4,16,98.14080000000008,0.0,0.1,63.60000000000001,5.8757000000000055,crystalline,1663514336,*CCCCCCCCCCCCOC(=O)CCCCCCC(=O)O*,0.23369315342328845
21,20,15,0,0,0.75,0.0,0.5384615384615384,2,0.09523809523809523,2,2,4,13,87.89910000000006,0.0,0.11764705882352941,72.19,3.679100000000002,crystalline,1689591467,*CCCCCCCCCCCNC(=O)CCCCC(=O)N*,0.20836996336996344
18,18,7,1,0,0.3888888888888889,0.0,0.17391304347826086,4,0.2222222222222222,1,3,4,5,67.07880000000004,0.3333333333333333,0.5714285714285714,63.60000000000001,2.6832200000000004,amorphous,1734361691,*Cc1ccc(COC(=O)CCCCC(=O)O*)cc1,0.2318357487922705
28,27,22,0,0,0.8148148148148148,0.0,0.6363636363636364,2,0.07142857142857142,1,3,4,20,116.60880000000012,0.0,0.08333333333333333,63.60000000000001,7.436100000000008,crystalline,1735118252,*CCCCCCCCCCCCOC(=O)CCCCCCCCCCC(=O)O*,0.25929773929773925
18,17,14,0,0,0.8235294117647058,0.0,0.75,1,0.05555555555555555,1,1,2,14,77.94780000000007,0.0,0.0625,37.3,5.552300000000005,crystalline,1736400792,*CCCCCCCCCCCCCCCC(=O)O*,0.29153594771241825
84,90,29,7,0,0.32222222222222224,0.0,0.13675213675213677,25,0.2976190476190476,5,11,16,15,325.2818000000006,0.5,0.7058823529411765,233.58999999999997,14.813699999999978,amorphous,1738997335,*CCN(CCCCOc1ccc(N=Nc2ccc(CCCCCC)cc2)cc1)CCOC(=O)c1ccc(C(=O)O)c(C(=O)Nc2ccc(C(C)(C)c3ccc(C(C)(C)c4ccc(NC(=O)c5ccc(C(=O)O*)cc5C(=O)O)cc4)cc3)cc2)c1,0.28145299145299146
7,7,0,0,1,0.0,0.0,0.5,1,0.14285714285714285,1,1,2,7,29.091799999999985,0.0,0.0,20.23,1.3114,crystalline,1742353769,*OC1CCCCC1*,0.26
16,15,10,0,0,0.6666666666666666,0.0,0.42857142857142855,2,0.125,2,2,4,8,64.81410000000004,0.0,0.16666666666666666,72.19,1.7286,crystalline,1757174370,*CCNC(=O)CCCCCCCCC(=O)N*,0.19619047619047614
30,30,19,1,0,0.6333333333333333,0.0,0.4857142857142857,4,0.13333333333333333,1,3,4,17,123.2298000000001,0.2,0.3076923076923077,63.60000000000001,7.803100000000009,crystalline,1776297302,*CCCCCCCCCCCCCCCCCCOC(=O)c1ccc(C(=O)O*)cc1,0.22523809523809524
32,31,25,0,0,0.8064516129032258,0.0,0.5675675675675675,2,0.0625,3,4,7,18,132.70420000000007,0.0,0.07692307692307693,87.66000000000001,5.269400000000005,crystalline,1780220643,*CCCCCCCCCCC(=O)NCCCCCOCCCCCNC(=O)CCCCO*,0.2861115954664342
25,24,22,0,0,0.9166666666666666,0.0,0.7916666666666666,0,0.0,1,3,4,16,108.26980000000009,0.0,0.0,38.69,6.273400000000008,crystalline,1790048084,*CCCCCCCCCCOCCCCCCOCCCCCCO*,0.4075
30,30,19,1,0,0.6333333333333333,0.0,0.45714285714285713,4,0.13333333333333333,2,2,4,15,126.36610000000007,0.2,0.3076923076923077,72.19,5.854400000000005,amorphous,1806857427,*CCc1ccc(CCNC(=O)CCCCCCCCCCCCCCC(=O)N*)cc1,0.22238095238095235
26,25,20,0,0,0.8,0.0,0.6129032258064516,2,0.07692307692307693,2,2,4,18,110.98410000000008,0.0,0.09090909090909091,72.19,5.629600000000005,crystalline,1809672801,*CCCCCCCCCNC(=O)CCCCCCCCCCCC(=O)N*,0.24744416873449132
22,21,16,0,0,0.7619047619047619,0.0,0.5555555555555556,2,0.09090909090909091,2,2,4,14,92.51610000000007,0.0,0.1111111111111111,72.19,4.069200000000003,crystalline,1822483719,*CCCCCNC(=O)CCCCCCCCCCCC(=O)N*,0.21754689754689754
30,29,24,0,0,0.8275862068965517,0.0,0.6571428571428571,2,0.06666666666666667,2,2,4,22,129.45210000000012,0.0,0.07692307692307693,72.19,7.190000000000007,crystalline,1830893860,*CCCCCCCCCCCCCCNC(=O)CCCCCCCCCCC(=O)N*,0.2696223316912973
27,26,19,0,0,0.7307692307692307,0.0,0.42105263157894735,3,0.1111111111111111,1,5,6,14,107.5606000000001,0.0,0.1,97.74000000000001,4.5103000000000035,semi_crystalline,1865362645,*CCCCCCCCCCOC(=O)CCCCS(=O)(=O)CCCCC(=O)O*,0.19902834008097164
40,43,11,4,0,0.2558139534883721,0.0,0.18181818181818182,12,0.3,3,4,7,8,161.9901999999997,0.6,0.8125,87.66000000000001,8.8297,amorphous,1869415100,*CCCCCCOc1ccc(C(=O)Nc2ccc(-c3ccc(NC(=O)c4ccc(O*)cc4)c(Cl)c3)cc2Cl)cc1,0.28760042283298104
55,58,22,4,0,0.3793103448275862,0.0,0.16923076923076924,11,0.2,3,10,13,12,213.70569999999944,0.43636363636363634,0.6744186046511628,157.14000000000001,9.084500000000002,amorphous,1901480658,*CCCCOC(=O)NCCCCCCNC(=O)OCCCCOc1ccc(N=Cc2ccc(C(=O)Oc3ccc(C=Nc4ccc(O*)cc4)cc3)cc2)cc1,0.2726284060766819
40,39,34,0,0,0.8717948717948718,0.0,0.7333333333333333,2,0.05,2,2,4,32,175.6220999999996,0.0,0.05555555555555555,72.19,11.090999999999994,crystalline,1912251377,*CCCCCCCCCCCCCCNC(=O)CCCCCCCCCCCCCCCCCCCCC(=O)N*,0.3061538461538462
31,32,11,2,0,0.34375,0.0,0.14285714285714285,8,0.25806451612903225,3,5,8,7,116.14420000000005,0.3870967741935484,0.6956521739130435,121.8,4.089200000000003,amorphous,1919732272,*CCCOC(=O)c1ccc(NC(=O)CCCCC(=O)Nc2ccc(C(=O)O*)cc2)cc1,0.25862039170506906
7,6,2,0,0,0.3333333333333333,0.0,0.25,1,0.14285714285714285,1,1,2,4,32.063799999999986,0.0,0.0,20.23,1.215,crystalline,1925322729,*CC(CCl)(CCl)O*,0.22166666666666668
18,17,12,0,0,0.7058823529411765,0.0,0.4782608695652174,2,0.1111111111111111,2,2,4,10,74.04810000000005,0.0,0.14285714285714285,72.19,2.5088,crystalline,1928141683,*CCCCNC(=O)CCCCCCCCC(=O)N*,0.19723785166240398
22,21,16,0,0,0.7619047619047619,0.0,0.5555555555555556,2,0.09090909090909091,2,2,4,14,92.51610000000007,0.0,0.1111111111111111,72.19,4.069200000000003,semi_crystalline,1933820661,*CCCCCCCCCNC(=O)CCCCCCCC(=O)N*,0.21754689754689754
16,15,13,0,0,0.8666666666666667,0.0,0.8,0,0.0,1,2,3,10,83.02200000000006,0.0,0.0,0.0,5.570300000000007,crystalline,1940131067,*CCCCCCCCCCSCCCCS*,0.40833333333333344
5,4,0,0,0,0.0,0.0,0.2857142857142857,1,0.2,1,1,2,4,21.971799999999995,0.0,0.0,20.23,0.7771999999999999,crystalline,1958618966,*CC(C)(C)O*,0.25857142857142856
23,23,11,1,0,0.4782608695652174,0.0,0.3103448275862069,4,0.17391304347826086,2,3,5,9,90.98200000000006,0.2608695652173913,0.4444444444444444,75.63,5.074000000000004,amorphous,1965690727,*CCCCCCCCCCOC(=O)c1cccc(NC(=O)O*)c1,0.23429535232383797
31,30,24,0,0,0.8,0.0,0.5789473684210527,3,0.0967741935483871,2,2,4,25,133.99910000000008,0.0,0.07407407407407407,72.19,7.436000000000008,crystalline,1965799831,*CCCCCCNC(=O)C(CCCCCCCCCCCCCCCCCC)C(=O)N*,0.204346349745331
30,29,24,0,0,0.8275862068965517,0.0,0.6571428571428571,2,0.06666666666666667,2,2,4,22,129.45210000000012,0.0,0.07692307692307693,72.19,7.1900000000000075,crystalline,1966848887,*CCCCCCCCNC(=O)CCCCCCCCCCCCCCCCC(=O)N*,0.2696223316912973
12,11,4,0,0,0.36363636363636365,0.0,0.14285714285714285,2,0.16666666666666666,3,3,6,0,41.0522,0.0,0.3333333333333333,87.66000000000001,9.999999999998899e-05,amorphous,1969083594,*CCOC(=O)NCCNC(=O)O*,0.3079220779220779
36,37,16,2,0,0.43243243243243246,0.0,0.23404255319148937,8,0.2222222222222222,3,5,8,12,139.22919999999996,0.3333333333333333,0.5714285714285714,121.8,6.039700000000005,amorphous,1975447756,*CCOC(=O)c1ccc(NC(=O)CCCCCCCCCCC(=O)Nc2ccc(C(=O)O*)cc2)cc1,0.253494345409239
31,33,13,3,0,0.3939393939393939,0.0,0.2,8,0.25806451612903225,1,6,7,8,116.74080000000005,0.4838709677419355,0.5833333333333334,86.60000000000001,4.934300000000004,amorphous,1980536603,*CCc1ccc(-n2on2-c2ccc(CCOC(=O)CCCCCCC(=O)O*)cc2)cc1,0.2639931573802541
26,25,19,0,0,0.76,0.0,0.47058823529411764,2,0.07692307692307693,1,3,4,16,107.28080000000008,0.0,0.18181818181818182,63.60000000000001,6.431900000000006,crystalline,1985598557,*CCCCCCCCCCCCCCOC(=O)CC/C=C/CCC(=O)O*,0.237212669683258
30,29,24,0,0,0.8275862068965517,0.0,0.6571428571428571,2,0.06666666666666667,2,2,4,22,129.45210000000012,0.0,0.07692307692307693,72.19,7.190000000000007,crystalline,1987380350,*CCCCCCCCCCCCCNC(=O)CCCCCCCCCCCC(=O)N*,0.2696223316912973
26,25,19,0,0,0.76,0.0,0.47058823529411764,2,0.07692307692307693,1,3,4,16,107.28080000000008,0.0,0.18181818181818182,63.60000000000001,6.431900000000006,crystalline,1997329694,*CCCCCCCCCCCCCCCCOC(=O)C/C=C/CC(=O)O*,0.237212669683258
23,22,20,0,0,0.9090909090909091,0.0,0.8636363636363636,0,0.0,1,2,3,17,115.3410000000001,0.0,0.0,0.0,8.301000000000005,crystalline,2002293555,*CCCCCCCCCCCSCCCCCCCCCCS*,0.4104545454545455
32,31,26,0,0,0.8387096774193549,0.0,0.6756756756756757,2,0.0625,2,2,4,24,138.6861,0.0,0.07142857142857142,72.19,7.970200000000008,crystalline,2003333074,*CCCCCCCCCCNC(=O)CCCCCCCCCCCCCCCCC(=O)N*,0.2786965998256321
18,17,9,0,0,0.5294117647058824,0.0,0.2962962962962963,3,0.16666666666666666,1,3,4,17,70.36880000000005,0.0,0.14285714285714285,63.60000000000001,3.391000000000002,amorphous,2005402308,*CC(C)(C)COC(=O)CCCCCCCC(=O)O*,0.19668845315904143
28,28,15,0,1,0.5357142857142857,0.0,0.30303030303030304,4,0.14285714285714285,3,5,8,17,119.61820000000009,0.0,0.1,87.66000000000001,4.833300000000004,crystalline,2014653068,*CC1CCC(COC(=O)NCCSCCCCCCSCCNC(=O)O*)CC1,0.2167316017316017
46,47,26,2,0,0.5531914893617021,0.0,0.3684210526315789,8,0.17391304347826086,3,5,8,22,185.3991999999994,0.2608695652173913,0.42105263157894735,121.8,9.940700000000001,amorphous,2015647676,*CCCCCCCCCCCCOC(=O)c1ccc(NC(=O)CCCCCCCCCCC(=O)Nc2ccc(C(=O)O*)cc2)cc1,0.24760991284872677
26,25,20,0,0,0.8,0.0,0.6129032258064516,2,0.07692307692307693,1,3,4,18,107.37480000000009,0.0,0.09090909090909091,63.60000000000001,6.655900000000006,crystalline,2020708371,*CCCCCCCCCCOC(=O)CCCCCCCCCCC(=O)O*,0.24744416873449132
22,21,15,0,0,0.7142857142857143,0.0,0.48148148148148145,2,0.09090909090909091,3,3,6,11,89.56620000000005,0.0,0.11764705882352941,78.43,2.5221000000000013,amorphous,2030717926,*CCCCCCC(=O)NCCCCCCNC(=O)CCCO*,0.22490139490139488
30,30,19,1,0,0.6333333333333333,0.0,0.45714285714285713,4,0.13333333333333333,2,2,4,17,126.09210000000007,0.2,0.3076923076923077,72.19,6.338120000000006,crystalline,2033898259,*Cc1ccc(CNC(=O)CCCCCCCCCCCCCCCCC(=O)N*)cc1,0.22238095238095235
34,33,28,0,0,0.8484848484848485,0.0,0.6923076923076923,2,0.058823529411764705,2,2,4,26,147.9200999999999,0.0,0.06666666666666667,72.19,8.750400000000008,crystalline,2034204725,*CCCCCCCCCCNC(=O)CCCCCCCCCCCCCCCCCCC(=O)N*,0.28673522555875497
28,27,20,0,0,0.7407407407407407,0.0,0.5454545454545454,2,0.07142857142857142,3,3,6,16,114.9242000000001,0.0,0.09090909090909091,87.66000000000001,6.241700000000005,crystalline,2038593828,*CCCCCCCCCCOC(=O)NCCCCCCCCCCNC(=O)O*,0.26761423761423764
32,31,26,0,0,0.8387096774193549,0.0,0.6756756756756757,2,0.0625,1,3,4,24,135.07680000000008,0.0,0.07142857142857142,63.60000000000001,8.996500000000005,crystalline,2040837596,*CCCCCCCCCCCCCCCCCCCCCCOC(=O)CCCCC(=O)O*,0.2786965998256321
13,12,10,0,0,0.8333333333333334,0.0,0.75,0,0.0,1,2,3,7,69.17100000000005,0.0,0.0,0.0,4.400000000000005,crystalline,2046167476,*CCCCCCSCCCCCS*,0.4066666666666666
29,28,22,0,0,0.7857142857142857,0.0,0.5555555555555556,3,0.10344827586206896,2,2,4,23,124.7651000000001,0.0,0.08,72.19,6.655800000000007,crystalline,2059422357,*CCCCCCNC(=O)C(CCCCCCCCCCCCCCCC)C(=O)N*,0.19698412698412698
21,20,14,0,0,0.7,0.0,0.35714285714285715,3,0.14285714285714285,1,4,5,12,81.18780000000007,0.0,0.125,72.83,3.407600000000002,crystalline,2065090283,*CCOCCOC(=O)C(CCCCCCCCC)C(=O)O*,0.19071428571428567
25,24,18,0,0,0.75,0.0,0.5333333333333333,2,0.08,3,3,6,14,103.41720000000007,0.0,0.1,78.43,3.6924000000000032,crystalline,2065252291,*CCCCCCC(=O)NCCCCCCNC(=O)CCCCCCO*,0.24833333333333335
24,24,13,0,1,0.5416666666666666,0.0,0.4666666666666667,4,0.16666666666666666,2,2,4,23,99.49610000000007,0.0,0.1,72.19,4.3152000000000035,amorphous,2066262373,*CC1CCCC(CNC(=O)CCCCCCCCCCC(=O)N*)C1,0.21249999999999994
28,27,22,0,0,0.8148148148148148,0.0,0.6363636363636364,2,0.07142857142857142,2,2,4,20,120.21810000000009,0.0,0.08333333333333333,72.19,6.409800000000007,crystalline,2072866385,*CCCCCCNC(=O)CCCCCCCCCCCCCCCCC(=O)N*,0.25929773929773925
40,39,34,0,0,0.8717948717948718,0.0,0.7333333333333333,2,0.05,2,2,4,32,175.6220999999996,0.0,0.05555555555555555,72.19,11.090999999999992,crystalline,2082251214,*CCCCCCCCCCCCCCCCCCNC(=O)CCCCCCCCCCCCCCCCC(=O)N*,0.3061538461538462
21,20,18,0,0,0.9,0.0,0.85,0,0.0,1,2,3,16,92.58380000000008,0.0,0.0,29.46,6.214300000000008,crystalline,2090445254,*CCCCCCCCCCCCCCCCCCOCO*,0.41
24,23,18,0,0,0.782608695652174,0.0,0.5862068965517241,2,0.08333333333333333,2,2,4,16,101.75010000000007,0.0,0.1,72.19,4.849400000000004,crystalline,2093130856,*CCCCCCCCCCNC(=O)CCCCCCCCC(=O)N*,0.23369315342328845
21,20,14,0,0,0.7,0.0,0.46153846153846156,2,0.09523809523809523,3,3,6,10,84.94920000000005,0.0,0.125,78.43,2.132,amorphous,2095077077,*CCCCC(=O)NCCCCCCNC(=O)CCCCO*,0.2156776556776558
24,23,18,0,0,0.782608695652174,0.0,0.5862068965517241,2,0.08333333333333333,2,2,4,16,101.75010000000007,0.0,0.1,72.19,4.849400000000004,crystalline,2098139319,*CCCCNC(=O)CCCCCCCCCCCCCCC(=O)N*,0.23369315342328845
38,37,27,0,0,0.7297297297297297,0.0,0.4897959183673469,4,0.10526315789473684,4,4,8,22,155.47149999999985,0.0,0.13333333333333333,130.39000000000001,5.422400000000004,crystalline,2098949434,*CCCCCCCCCNC(=O)CCCCCCCCC(=O)NCCCCCCCCCNC(=O)C(=O)N*,0.21600661886376174
12,11,9,0,0,0.8181818181818182,0.0,0.7272727272727273,0,0.0,1,2,3,7,51.030800000000035,0.0,0.0,29.46,2.7034000000000016,crystalline,2107706475,*CCCCCCCCCOCO*,0.40590909090909094
21,21,9,1,0,0.42857142857142855,0.0,0.19230769230769232,4,0.19047619047619047,3,3,6,5,81.36320000000005,0.2857142857142857,0.5,78.43,1.4915999999999998,crystalline,2142796643,*CCCC(=O)NCc1ccc(CNC(=O)CCCO*)cc1,0.23494505494505497
